title_spec,title_progam,hour,price,date,linkNmo
"Авиационная и космическая медицина
(Общая врачебная практика (семейная медицина), Профпатология, Терапия)",Врачебно-летная экспертиза в авиационной медицине,36,2900,21.05.2020,https://clck.ru/hcNGn
Акушерство и гинекология,Акушерство и гинекология,74,6400,01.03.2022,https://clck.ru/hcNNx
Акушерство и гинекология,Акушерство и гинекология,144,9800,15.02.2022,https://clck.ru/hcNPR
Акушерство и гинекология,Актуальные вопросы маммологии,144,5800,19.12.2021,https://clck.ru/hcNQ2
Акушерство и гинекология,Акушерство и гинекология,288,19600,22.07.2022,https://clck.ru/sMFm6
Акушерство и гинекология,Синдром поликистозных яичников в практике акушера-гинеколога,144,9800,22.08.2022,https://cuti.cc/151qL
Акушерство и гинекология,Экстракорпоральное оплодотворение в акушерстве и гинекологии,36,5900,23.11.2020,https://clck.ru/hcNLt
Акушерство и гинекология,Ультразвуковая диагностика в акушерстве и гинекологии,36,2900,23.11.2020,https://clck.ru/hcNMq
Акушерство и гинекология,Пренатальная диагностика нарушений развития ребенка,36,2500,23.11.2020,https://clck.ru/hcNNL
Акушерство и гинекология,Аномалии родовой деятельности,36,2500,23.11.2020,https://clck.ru/hcNNb
"Акушерство и гинекология
(Анестезиология-реаниматология)",Анестезиология в акушерстве,36,2500,23.11.2020,https://clck.ru/hcNSe
"Акушерство и гинекология
(Гериатрия, Дерматовенерология, Общая врачебная практика (семейная медицина), Пластическая хирургия, Терапия, Хирургия)",Anti-age в гинекологии,36,5900,11.06.2020,https://clck.ru/hcNS3
"Акушерство и гинекология
(Дерматовенерология, Общая врачебная практика (семейная медицина), Пластическая хирургия, Сексология, Терапия, Хирургия)",Эстетическая гинекология,36,5900,11.06.2020,https://clck.ru/hcNQU
"Акушерство и гинекология
(Инфекционные болезни, Лечебное дело, Общая врачебная практика (семейная медицина), Общая гигиена, Терапия, Физиотерапия, Хирургия)",Актуальные вопросы акушерства и гинекологии,36,2900,21.05.2020,https://clck.ru/hcNSy
"Акушерство и гинекология
(Общая врачебная практика (семейная медицина), Онкология, Пластическая хирургия, Терапия, Функциональная диагностика, Хирургия)",Актуальные вопросы маммологии,36,5900,11.06.2020,https://clck.ru/hcNRU
"Акушерство и гинекология
(Хирургия)",Кесарево сечение в современном акушерстве,36,2500,23.11.2020,https://clck.ru/hcNR6
"Акушерство и гинекология
(Эндокринология)",Эндокринные нарушения в гинекологии,36,2500,23.11.2020,https://clck.ru/hcNQj
Аллергология и иммунология,Аллерген-специфическая иммунотерапия,144,9800,11.09.2022,https://clck.ru/zLbwg
Аллергология и иммунология,Аллергология и иммунология,74,6400,17.02.2022,https://clck.ru/hcNTP
Аллергология и иммунология,Аллергология и иммунология,144,9800,17.02.2022,https://clck.ru/hcNTk
Аллергология и иммунология,Аллергология и иммунология,288,19600,24.07.2022,https://clck.ru/sPZcm
"Аллергология и иммунология
(Кардиология, Общая врачебная практика (семейная медицина), Педиатрия, Педиатрия (после специалитета), Терапия)",Факторы риска развития анафилактического шока,36,2900,11.06.2020,https://clck.ru/hcNUY
"Аллергология и иммунология
(Оториноларингология)",Дифференциальная диагностика аллергического ринита,36,5900,24.09.2021,https://clck.ru/hcNU4
Анестезиология-реаниматология,Анестезиология-реаниматология: актуальные вопросы и инновационные решения,74,6400,17.02.2022,https://clck.ru/hcNVF
Анестезиология-реаниматология,Искусственная вентиляция легких у пациентов с новой коронавирусной инфекцией covid-19,36,1900,20.07.2020,https://clck.ru/hcNUv
Анестезиология-реаниматология,Расширенная сердечно-легочная реанимация,144,9800,22.08.2022,https://cuti.cc/HnZr0
Анестезиология-реаниматология,Анестезиология и реаниматология,288,19600,27.05.2022,https://clck.ru/nxPkh
Анестезиология-реаниматология,Анестезиология-реаниматология,144,9800,29.03.2022,https://clck.ru/hcNVd
"Анестезиология-реаниматология
(Гематология, Трансфузиология)",Трансфузиология,152,9800,20.07.2020,https://clck.ru/hcNWC
"Анестезиология-реаниматология
(Детская хирургия, Сердечно-сосудистая хирургия, Терапия, Торакальная хирургия, Хирургия)",Анестезиология-реаниматология: актуальные проблемы и инновационные решения,36,2900,08.05.2020,https://clck.ru/hcNVw
Бактериология,MALDI-TOF Масс-спектрометрия в микробиологии,36,5900,04.12.2020,https://clck.ru/hcNWV
Бактериология,"Избранные вопросы лабораторной диагностики инфекций, передающихся половым путем",144,9800,12.09.2022,https://clck.ru/zpkEV
Бактериология,Бактериология,144,9800,12.09.2022,https://clck.ru/322BEj
Бактериология,Антибиотикорезистентность. Клиническое и эпидемиологическое значение определения маркеров резистентности,144,9800,12.09.2022,https://clck.ru/322BFe
"Бактериология
(Вирусология, Инфекционные болезни, Клиническая лабораторная диагностика, Медико-профилактическое дело, Медицинская микробиология, Паразитология, Эпидемиология)",Бактериология,74,6400,24.07.2022,https://clck.ru/sPZmL
"Бактериология
(Вирусология, Инфекционные болезни, Клиническая лабораторная диагностика, Медико-профилактическое дело, Медицинская микробиология, Паразитология, Эпидемиология)",Бактериология,288,19600,24.07.2022,https://clck.ru/sPa9j
"Бактериология
(Дезинфектология, Инфекционные болезни, Клиническая лабораторная диагностика, Общая врачебная практика (семейная медицина), Паразитология, Терапия)",Бактериология: актуальные проблемы и инновационные решения,36,2900,21.05.2020,https://clck.ru/hcNWx
"Вирусология
(Бактериология, Инфекционные болезни, Клиническая лабораторная диагностика, Медико-профилактическое дело, Эпидемиология)",Вирусология,74,6400,12.07.2022,https://clck.ru/sHAAj
"Вирусология
(Бактериология, Инфекционные болезни, Клиническая лабораторная диагностика, Медико-профилактическое дело, Эпидемиология)",Вирусология,144,9800,23.06.2022,https://clck.ru/reTpo
"Вирусология
(Бактериология, Инфекционные болезни, Клиническая лабораторная диагностика, Медико-профилактическое дело, Эпидемиология)",Вирусология,36,2900,27.06.2022,https://clck.ru/rf2hK
"Вирусология
(Бактериология, Инфекционные болезни, Клиническая лабораторная диагностика, Медико-профилактическое дело, Эпидемиология)",Вирусология,288,19600,27.06.2022,https://clck.ru/rf2VY
Водолазная медицина,Водолазная медицина,74,6400,24.07.2022,https://clck.ru/sPaNf
"Водолазная медицина
(Кардиология, Общая врачебная практика (семейная медицина), Профпатология, Терапия)",Водолазная медицина: профессиональная заболеваемость,36,2900,30.05.2020,https://clck.ru/hcNXb
"Водолазная медицина (Лечебное дело, Педиатрия, Педиатрия (после специалитета))",Водолазная медицина,36,2900,02.09.2022,https://clck.ru/x76Yi
"Водолазная медицина (Лечебное дело, Педиатрия, Педиатрия (после специалитета))",Водолазная медицина: актуальные вопросы и инновационные решения,74,6400,02.09.2022,https://clck.ru/x78gk
"Водолазная медицина (Лечебное дело, Педиатрия, Педиатрия (после специалитета))",Водолазная медицина,288,19600,02.09.2022,https://clck.ru/x79Cw
"Водолазная медицина (Лечебное дело, Педиатрия, Педиатрия (после специалитета))",Водолазная медицина,144,9800,02.09.2022,https://clck.ru/x77Fe
Гастроэнтерология,Диагностическая и лечебная колоноскопия при заболеваниях прямой и ободочной кишки,144,9800,02.09.2022,https://clck.ru/x7Eoz
Гастроэнтерология,Гастроэнтерология,288,19600,03.06.2022,https://clck.ru/pix2T
Гастроэнтерология,Гастроэнтерология,74,6400,14.02.2022,https://clck.ru/hcNee
Гастроэнтерология,Гастроэнтерология,144,9800,14.02.2022,https://clck.ru/hcNf6
Гастроэнтерология,"Профилактика, диагностика и лечение заболеваний ЖКТ",36,2900,19.12.2021,https://clck.ru/hcNZF
Гастроэнтерология,Функциональные заболевания органов пищеварения,36,2900,19.12.2021,https://clck.ru/hcNam
Гастроэнтерология,Современные протоколы диагностики заболеваний ЖКТ,36,2900,19.12.2021,https://clck.ru/hcNbT
Гастроэнтерология,Современные методы обследования больных с заболеваниями желудочно-кишечного тракта,36,2900,19.12.2021,https://clck.ru/hcNbn
Гастроэнтерология,Профилактика и диагностика нарушений функций желудка,36,2900,19.12.2021,https://clck.ru/hcNcD
Гастроэнтерология,Превентивная гастроэнтерология: диагностика и ранняя профилактика заболеваний ЖКТ,36,2900,19.12.2021,https://clck.ru/hcNcV
Гастроэнтерология,Организация персонализированного лечения пациентов с заболеваниями пищеварительной системы,36,2900,19.12.2021,https://clck.ru/hcNdA
Гастроэнтерология,Инструментальные методы диагностики ЖКТ в современной гастроэнтерологии,36,2900,19.12.2021,https://clck.ru/hcNdS
Гастроэнтерология,Диагностика нарушений функций ЖКТ,36,2900,19.12.2021,https://clck.ru/hcNdc
Гастроэнтерология,"Неотложные состояния, вызванные заболеваниями пищеварительной системы",36,2900,19.12.2021,https://clck.ru/hcNe7
"Гастроэнтерология
(Ультразвуковая диагностика)",Эластометрия печени,36,5900,15.02.2021,https://clck.ru/hcNfE
"Гастроэнтерология (Колопроктология, Хирургия, Эндоскопия)",Диагностическая и лечебная колоноскопия при заболеваниях прямой и ободочной кишки,144,9800,02.09.2022,https://clck.ru/x7Eoz
Гематология,Депрессии кроветворения,36,,05.01.2022,https://clck.ru/hcNfP
"Гематология
(Акушерство и гинекология, Аллергология и иммунология, Анестезиология-реаниматология, Гастроэнтерология, Гериатрия, Детская кардиология, Детская онкология, Детская онкология-гематология, Детская урология-андрология, Детская хирургия, Детская эндокринология, Инфекционные болезни, Кардиология, Клиническая лабораторная диагностика, Колопроктология, Лечебное дело, Неврология, Нейрохирургия, Неонатология, Нефрология, Общая врачебная практика (семейная медицина), Онкология, Педиатрия, Педиатрия (после специалитета), Пластическая хирургия, Пульмонология, Радиология, Рентгенэндоваскулярные диагностика и лечение, Сердечно-сосудистая хирургия, Скорая медицинская помощь, Терапия, Токсикология, Торакальная хирургия, Травматология и ортопедия, Трансфузиология, Урология, Фтизиатрия, Челюстно-лицевая хирургия)",Трансфузиология и гематология в клинической врачебной практике,144,9800,17.04.2022,https://clck.ru/hcNgn
"Гематология
(Акушерство и гинекология, Аллергология и иммунология, Анестезиология-реаниматология, Гастроэнтерология, Гериатрия, Детская кардиология, Детская онкология, Детская онкология-гематология, Детская урология-андрология, Детская хирургия, Детская эндокринология, Инфекционные болезни, Кардиология, Клиническая лабораторная диагностика, Колопроктология, Лечебное дело, Неврология, Нейрохирургия, Неонатология, Нефрология, Общая врачебная практика (семейная медицина), Онкология, Педиатрия, Педиатрия (после специалитета), Пластическая хирургия, Пульмонология, Радиология, Рентгенэндоваскулярные диагностика и лечение, Сердечно-сосудистая хирургия, Скорая медицинская помощь, Терапия, Токсикология, Торакальная хирургия, Травматология и ортопедия, Трансфузиология, Урология, Фтизиатрия, Челюстно-лицевая хирургия)",Трансфузиология и гематология в клинической врачебной практике,288,19600,18.04.2022,https://clck.ru/hcNhL
"Гематология
(Акушерство и гинекология, Аллергология и иммунология, Анестезиология-реаниматология, Гастроэнтерология, Гериатрия, Детская кардиология, Детская онкология, Детская онкология-гематология, Детская урология-андрология, Детская хирургия, Инфекционные болезни, Кардиология, Клиническая лабораторная диагностика, Колопроктология, Лечебное дело, Неврология, Нейрохирургия, Неонатология, Нефрология, Общая врачебная практика (семейная медицина), Онкология, Педиатрия, Педиатрия (после специалитета), Пластическая хирургия, Пульмонология, Радиология, Рентгенэндоваскулярные диагностика и лечение, Сердечно-сосудистая хирургия, Скорая медицинская помощь, Терапия, Токсикология, Торакальная хирургия, Травматология и ортопедия, Трансфузиология, Урология, Фтизиатрия, Хирургия, Челюстно-лицевая хирургия, Эндокринология)",Трансфузиология и гематология в клинической врачебной практике,36,2900,17.04.2022,https://clck.ru/hcNgF
"Гематология
(Акушерство и гинекология, Аллергология и иммунология, Анестезиология-реаниматология, Гастроэнтерология, Гериатрия, Детская кардиология, Детская онкология, Детская онкология-гематология, Детская урология-андрология, Детская хирургия, Инфекционные болезни, Кардиология, Клиническая лабораторная диагностика, Колопроктология, Лечебное дело, Неврология, Нейрохирургия, Неонатология, Нефрология, Общая врачебная практика (семейная медицина), Онкология, Педиатрия, Педиатрия (после специалитета), Пластическая хирургия, Пульмонология, Радиология, Рентгенэндоваскулярные диагностика и лечение, Сердечно-сосудистая хирургия, Скорая медицинская помощь, Терапия, Токсикология, Торакальная хирургия, Травматология и ортопедия, Трансфузиология, Урология, Фтизиатрия, Хирургия, Челюстно-лицевая хирургия, Эндокринология)",Трансфузиология и гематология в клинической врачебной практике,74,6400,17.04.2022,https://clck.ru/hcNgT
"Гематология
(Клиническая лабораторная диагностика, Общая врачебная практика (семейная медицина), Терапия, Трансфузиология)",Трансфузиология переливания крови,36,5900,30.05.2020,https://clck.ru/hcNfm
Генетика,Скрининг новорожденных,144,9800,11.09.2022,https://clck.ru/zLWdR
"Генетика
(Клиническая лабораторная диагностика, Лабораторная генетика)",Актуальные вопросы генетики и лабораторная диагностика наследственных болезней,144,9800,17.06.2022,https://clck.ru/rbPoc
"Генетика
(Клиническая лабораторная диагностика, Лабораторная генетика)",Актуальные вопросы генетики и лабораторная диагностика наследственных болезней,74,6400,19.06.2022,https://clck.ru/rbQYf
"Генетика
(Клиническая лабораторная диагностика, Лабораторная генетика)",Актуальные вопросы генетики и лабораторная диагностика наследственных болезней,288,19600,19.06.2022,https://clck.ru/rbQUw
"Генетика
(Клиническая лабораторная диагностика, Лабораторная генетика)",Актуальные вопросы генетики и лабораторная диагностика наследственных болезней,36,2900,27.06.2022,https://clck.ru/rf2M5
"Генетика
(Лабораторная генетика, Неонатология, Общая врачебная практика (семейная медицина), Педиатрия, Педиатрия (после специалитета), Терапия)",Расчет риска проявления генных мутаций,36,5900,21.05.2020,https://clck.ru/hcNhY
Гериатрия,Гериатрия,288,19600,03.06.2022,https://clck.ru/pivrC
Гериатрия,Гериатрия,74,6400,14.02.2022,https://clck.ru/hcNi2
Гериатрия,Гериатрия,144,9800,14.02.2022,https://clck.ru/hcNiE
Гериатрия,Актуальные вопросы гериатрии,72,5900,22.10.2021,https://clck.ru/hcNhd
"Гериатрия
(Кардиология; Лечебное дело; Неврология; Общая врачебная практика (семейная медицина); Онкология; Терапия)",Актуальные вопросы гериатрии,36,2900,21.05.2020,https://clck.ru/hcNjf
"Гериатрия
(Неврология)",Гериатрическая неврология,144,9800,14.07.2020,https://clck.ru/hcNjD
"Гериатрия
(Онкология)",Гериатрическая онкология,144,9800,16.07.2020,https://clck.ru/hcNj3
"Гериатрия
(Офтальмология)",Гериатрическая офтальмология,144,9800,28.07.2020,https://clck.ru/hcNif
Гигиена детей и подростков,Мониторинг соблюдения санитарных норм в сфере охраны здоровья детей и подростков,36,2300,,https://clck.ru/hcNzF
"Гигиена детей и подростков
(Общая гигиена)",Гигиена детей и подростков,36,2900,25.04.2022,https://clck.ru/hcNzm
"Гигиена детей и подростков
(Общая гигиена)",Гигиена детей и подростков,74,6400,25.04.2022,https://clck.ru/hcP22
"Гигиена детей и подростков
(Общая гигиена)",Гигиена детей и подростков,144,9800,25.04.2022,https://clck.ru/hcP2j
"Гигиена детей и подростков
(Общая гигиена)",Гигиена детей и подростков,288,19600,25.04.2022,https://clck.ru/hcP39
"Гигиена детей и подростков
(Общая гигиена)",Гигиеническое воспитание детей и подростков,36,2900,,https://clck.ru/hcNzb
Гигиена питания,Организация государственного санитарно-эпидемиологического контроля за предприятиями пищевой промышленности,36,5900,,https://clck.ru/hcP7G
"Гигиена питания
(Общая гигиена)",Гигиена питания,36,2900,25.04.2022,https://clck.ru/hcP85
"Гигиена питания
(Общая гигиена)",Гигиена питания,74,6400,25.04.2022,https://clck.ru/hcP8P
"Гигиена питания
(Общая гигиена)",Гигиена питания,144,9800,25.04.2022,https://clck.ru/hcP8c
"Гигиена питания
(Общая гигиена)",Гигиена питания,288,19600,25.04.2022,https://clck.ru/hcP97
"Гигиена питания
(Общая гигиена)",Профилактика острых кишечных инфекций и паразитарных заболеваний,36,2900,,https://clck.ru/hcP7b
Гигиена труда,Баланс при организации труда и отдыха персонала,36,5900,,https://clck.ru/hcP9M
"Гигиена труда
(Общая гигиена)",Гигиена труда,36,2900,25.04.2022,https://clck.ru/hcP9w
"Гигиена труда
(Общая гигиена)",Гигиена труда,74,6400,25.04.2022,https://clck.ru/hcPA8
"Гигиена труда
(Общая гигиена)",Гигиена труда,144,9800,25.04.2022,https://clck.ru/hcPAL
"Гигиена труда
(Общая гигиена)",Гигиена труда,288,19600,25.04.2022,https://clck.ru/hcPAQ
"Гигиена труда
(Общая гигиена)",Актуальные вопросы санитарно-гигиенической оценки условий труда,36,2900,,https://clck.ru/hcP9k
Гигиеническое воспитание,Гигиеническое воспитание,288,19600,12.09.2022,https://clck.ru/zpgKo
Гигиеническое воспитание,Гигиеническое воспитание,74,6700,12.09.2022,https://clck.ru/322BDc
Гигиеническое воспитание,Технология предотвращения массовых патологий,36,2900,,https://clck.ru/hcPAy
"Гигиеническое воспитание
(Медико-профилактическое дело, Общая гигиена)",Гигиеническое воспитание,288,19600,12.09.2022,https://clck.ru/zpgKo
"Гигиеническое воспитание
(Медико-профилактическое дело, Общая гигиена)",Гигиеническое воспитание,74,6400,12.09.2022,https://clck.ru/322BDc
"Гигиеническое воспитание
(Медико-профилактическое дело, Общая гигиена)",Гигиеническое воспитание,144,9800,24.07.2022,https://clck.ru/sPZQX
"Гигиеническое воспитание
(Общая гигиена)",Организация гигиенического воспитания и контроль общественных организаций,36,5900,,https://clck.ru/hcPAc
Дезинфектология,Медицинский дезинфектор,144,9800,04.03.2022,https://clck.ru/hcPBE
Дезинфектология,Медицинский дезинфектор: актуальные проблемы и инновационные решения,74,6400,04.03.2022,https://clck.ru/hcPBY
Дезинфектология,Медицинский дезинфектор,288,19600,24.07.2022,https://clck.ru/sPZxX
Дезинфектология,"Методы неспецифической профилактики природно-очаговых инфекций, распространяемых клещами",36,2900,,https://clck.ru/hcPC2
Дерматовенерология,Актуальные проблемы трихологии,144,9800,11.09.2022,https://clck.ru/zLUqn
Дерматовенерология,Сосудистая патология в дерматовенерологии,36,5900,,https://clck.ru/hcPCP
Детская кардиология,Реабилитационные мероприятия и эффективные подходы к лечению кардиологических заболеваний в детском возрасте,36,5900,,https://clck.ru/hcPEX
"Детская кардиология
(Педиатрия; Педиатрия (после специалитета))",Детская кардиология,36,2900,17.04.2022,https://clck.ru/hcPDR
"Детская кардиология
(Педиатрия; Педиатрия (после специалитета))",Детская кардиология,74,6400,17.04.2022,https://clck.ru/hcPDg
"Детская кардиология
(Педиатрия; Педиатрия (после специалитета))",Детская кардиология,144,9800,17.04.2022,https://clck.ru/hcPDs
"Детская кардиология
(Педиатрия; Педиатрия (после специалитета))",Детская кардиология,288,19600,17.04.2022,https://clck.ru/hcPEG
"Детская кардиология
(Педиатрия; Педиатрия (после специалитета))",Неотложная детская кардиология,36,5900,,https://clck.ru/hcPCq
Детская онкология,Профилактика осложнений от проведения химиотерапии у детей,2900,36,,https://clck.ru/hcPEm
"Детская онкология
(Педиатрия)",Ранняя диагностика и скрининг в современной детской онкологии,36,5900,,https://clck.ru/hcPF2
Детская урология-андрология,Детская урология-андрология,74,6400,02.03.2022,https://clck.ru/hcPFN
Детская урология-андрология,Детская урология-андрология,144,9800,04.03.2022,https://clck.ru/hcPFC
Детская урология-андрология,Детская урология-андрология,288,19600,13.07.2022,https://clck.ru/sJFHD
Детская урология-андрология,Проведения коррекции пузырно-мочеточникового рефлюкса,36,11900,,https://clck.ru/hcPFq
"Детская урология-андрология
(Общая врачебная практика (семейная медицина); Педиатрия; Терапия; Урология; Функциональная диагностика; Хирургия)",Актуальные вопросы детской урологии-андрологии,36,2900,,https://clck.ru/hcPFz
Детская хирургия,Детская хирургия,74,6400,15.02.2022,https://clck.ru/hcPGv
Детская хирургия,Методы эндохирургии в педиатрии,36,5900,,https://clck.ru/hcPGJ
Детская хирургия,Комбустиология в детской хирургии,36,11900,,https://clck.ru/hcPGX
Детская хирургия,Детская хирургия,144,9800,,https://clck.ru/hcPGn
Детская эндокринология,Актуальные проблемы детской эндокринологии,36,2900,,https://clck.ru/hcPH5
Диетология,Диетологическая поддержка онкобольного,144,9800,02.09.2022,https://clck.ru/x7G7M
Диетология,Диетология,288,19600,18.06.2022,https://clck.ru/rbQKQ
Диетология,Нутрициология и диетология в фитнесе,36,5900,,https://clck.ru/hcPHX
Диетология,Диетология,74,6400,,https://clck.ru/hcPHg
Диетология,Диетология,144,9800,,https://clck.ru/hcPHr
"Диетология
(Гастроэнтерология; Общая врачебная практика (семейная медицина); Педиатрия; Педиатрия (после специалитета); Терапия; Хирургия)",Актуальные вопросы гастроэнтерологии,36,2900,,https://clck.ru/hcPHS
"Диетология
(Онкология)",Диетологическая поддержка онкобольного,144,9800,02.09.2022,https://clck.ru/x7G7M
Инфекционные болезни,Инфекционные болезни,288,19600,22.07.2022,https://clck.ru/sMFrX
Инфекционные болезни,Оценка качества и эффективности иммунопрофилактики инфекционных заболеваний,36,5900,,https://clck.ru/hcPJA
Инфекционные болезни,Основы работы с особо опасными инфекциями,36,2300,,https://clck.ru/hcPJZ
Инфекционные болезни,Инфекционные болезни,74,6400,,https://clck.ru/hcPJm
Инфекционные болезни,Инфекционные болезни,144,9800,,https://clck.ru/hcPJz
"Инфекционные болезни
(Бактериология; Дезинфектология; Медико-профилактическое дело; Сестринское дело (ВО); Терапия; Эпидемиология)",Актуальные вопросы в лечении инфекционных заболеваний,36,2900,,https://clck.ru/hcPK9
Кардиология,Кардиология,288,19600,24.07.2022,https://clck.ru/sPZUW
Кардиология,Некоронарогенные заболевания миокарда,144,9800,24.08.22,https://clck.ru/ubjfj
Кардиология,Орфанные заболевания в кардиологии,36,5900,,https://clck.ru/hcPKd
Кардиология,Кардиология,74,6400,,https://clck.ru/hcPKy
Кардиология,Кардиология,144,9800,,https://clck.ru/hcPLG
"Кардиология
(Детская онкология; Общая врачебная практика (семейная медицина); Педиатрия; Терапия)",Артериальная гипертония и хроническая сердечная недостаточность,36,2900,,https://clck.ru/hcPLb
Клиническая лабораторная диагностика,Мультипараметрическая проточная цитометрия в диагностике гематологических злокачественных заболеваний,144,9800,06.09.2022,https://clck.ru/yHLtB
Клиническая лабораторная диагностика,Клиническая лабораторная диагностика,74,6400,15.02.2022,https://clck.ru/hcPM9
Клиническая лабораторная диагностика,Клиническая лабораторная диагностика,144,9800,17.02.2022,https://clck.ru/sHEKY
Клиническая лабораторная диагностика,Биолог в клинико-диагностической лаборатории,74,6400,19.02.22,https://clck.ru/hcPMR
Клиническая лабораторная диагностика,Биолог в клинико-диагностической лаборатории,144,9800,19.02.22,https://clck.ru/hcPMw
Клиническая лабораторная диагностика,Клиническая лабораторная диагностика,288,19600,22.07.2022,https://clck.ru/sMDwg
Клиническая лабораторная диагностика,"Клинико-лабораторная диагностика особо опасных инфекций: чума, холера, брюшной тиф",144,9800,22.08.2022,https://cuti.cc/0XBwP
Клиническая лабораторная диагностика,Современные подходы к диагностике сахарного диабета,144,9800,29.08.2022,https://inlnk.ru/goMvKP
Клиническая лабораторная диагностика,Практические приложения методов ПЦР исследования в персонализированной медицине,144,9800,29.08.2022,https://inlnk.ru/LAaE1O
Клиническая лабораторная диагностика,Клиническая лабораторная диагностика,36,2900,,https://clck.ru/hcPLy
"Клиническая лабораторная диагностика
(Акушерство и гинекология; Кардиология; Общая врачебная практика (семейная медицина); Онкология; Педиатрия; Терапия)",Клиническая лабораторная диагностика,152,12000,,https://clck.ru/hcPLj
Клиническая фармакология,Клиническая фармакология: актуальные вопросы и инновационные решения,74,6400,11.09.2022,https://clck.ru/zLY3P
Клиническая фармакология,Клиническая фармакология,144,9800,12.09.2022,https://clck.ru/zpbgw
Клиническая фармакология,Клиническая фармакология,288,19600,12.09.2022,https://clck.ru/322BBA
Клиническая фармакология,Клиническая фармакология лекарственных средств,36,5900,,https://clck.ru/hcPNJ
Клиническая фармакология,Актуальные вопросы антибактериальной химиотерапии,36,2900,,https://clck.ru/hcPNZ
Колопроктология,Колопроктология,74,6400,14.02.2022,https://clck.ru/hcPPC
Колопроктология,Колопроктология,144,9800,14.02.2022,https://clck.ru/hcPPN
Колопроктология,Колопроктология,288,19600,17.07.2022,https://clck.ru/sKoVP
Колопроктология,Семиотика и методы диагностики в колопроктологии,36,5900,,https://clck.ru/hcPNq
"Колопроктология
(Акушерство и гинекология; Детская онкология; Неврология; Общая врачебная практика (семейная медицина); Онкология; Педиатрия; Педиатрия (после специалитета);
 Терапия; Физиотерапия)",Заболевания толстой кишки,36,5900,,https://clck.ru/hcPPc
Коммунальная гигиена,Гигиена планировки населенных мест,36,5900,,https://clck.ru/hcPPm
"Коммунальная гигиена
(Общая гигиена)",Коммунальная гигиена,36,2900,25.04.2022,https://clck.ru/hcPQE
"Коммунальная гигиена
(Общая гигиена)",Коммунальная гигиена,74,6400,25.04.2022,https://clck.ru/hcPQS
"Коммунальная гигиена
(Общая гигиена)",Коммунальная гигиена,144,9800,25.04.2022,https://clck.ru/hcPQj
"Коммунальная гигиена
(Общая гигиена)",Коммунальная гигиена,288,19600,25.04.2022,https://clck.ru/hcPQv
Косметология,Эстетическая косметология,74,6400,04.03.2022,https://clck.ru/hcPT3
Косметология,Эстетическая косметология,144,9800,04.03.2022,https://clck.ru/hcPTN
Косметология,Косметология,288,19600,06.06.2022,https://clck.ru/q6wWi
Косметология,"Ботулотоксин в косметологии, лечебные и эстетические возможности",144,9800,09.09.2022,https://clck.ru/zLSvV
Косметология,Лазерная косметология,36,5000,,https://clck.ru/hcPR5
Косметология,Пилинг и биоревитализация в косметологии,36,2900,,https://clck.ru/hcPRS
Косметология,Мезотерапия,36,2900,,https://clck.ru/hcPRk
Косметология,Инъекционная косметология,36,2900,,https://clck.ru/hcPSK
Косметология,Косметология,72,5900,,https://clck.ru/hcPSV
Косметология,Косметология,74,6400,,https://clck.ru/hcPSk
Косметология,Косметология,144,9800,,https://clck.ru/hcPTX
Косметология,Косметология,152,9800,,https://clck.ru/hcPTu
"Косметология
(Дерматовенерология)",Аппаратная косметология,36,2900,,https://clck.ru/hcPU9
"Косметология (Дерматовенерология, Онкология, Пластическая хирургия)",Дерматоскопия как современный метод визуальной диагностики заболеваний кожи,144,9800,02.09.2022,https://clck.ru/x7DC5
Лабораторная генетика,Профилактика наследственных заболеваний,36,2300,,https://clck.ru/hcPWP
"Лабораторная генетика
(Генетика; Неонатология; Общая врачебная практика (семейная медицина); Педиатрия; Педиатрия (после специалитета); Терапия)",Лабораторные методы расчета риска проявления генных мутаций,36,5900,,https://clck.ru/hcPWY
Лечебная физкультура и спортивная медицина,Лечебная физкультура и спортивная медицина,74,6400,02.03.2022,https://clck.ru/hcPYA
Лечебная физкультура и спортивная медицина,Лечебная физкультура и спортивная медицина,144,9800,02.03.2022,https://clck.ru/hcPYP
Лечебная физкультура и спортивная медицина,Лечебная физкультура и спортивная медицина,288,19600,20.07.2022,https://clck.ru/sMCzS
Лечебная физкультура и спортивная медицина,Лечебная физкультура и спортивная медицина: актуальные проблемы и инновационные решения,152,9800,,https://clck.ru/hcPWm
Лечебная физкультура и спортивная медицина,Медико-педагогическое сопровождение спортивной подготовки и фитнеса,36,2900,,https://clck.ru/hcPX4
Лечебное дело,Лечебное дело,144,9800,02.03.2022,https://clck.ru/hcPYn
Лечебное дело,Лечебное дело,36,2900,03.06.2022,https://clck.ru/piwQH
Лечебное дело,Лечебное дело,288,19600,03.06.2022,https://clck.ru/piwdS
Лечебное дело,Лечебное дело: актуальные вопросы и инновационные решения,74,6400,05.04.2022,https://clck.ru/hcPZ7
"Лечебное дело
(Терапия; Неврология; Акушерство и гинекология; Колопроктология; Хирургия; Урология; Офтальмология; Оториноларингология)",Организация диспансеризации взрослого населения,36,2900,,https://clck.ru/hcPZK
Мануальная терапия,Мануальная терапия,74,6400,04.03.2022,https://clck.ru/hcPao
Мануальная терапия,Мануальная терапия,144,9800,15.02.2022,https://clck.ru/hcPbF
Мануальная терапия,Мануальная терапия,288,19600,24.07.2022,https://clck.ru/sPZqy
Мануальная терапия,Применение мануальной терапии при патологиях,36,5900,,https://clck.ru/hcPZj
Мануальная терапия,Применение остеопатической и висцеральной техник в коррекции,36,5900,,https://clck.ru/hcPa5
Медико-профилактическое дело,Осуществление Федерального государственного контроля в сфере санитарно-эпидемиологического благополучия населения,36,5900,02.06.2022,https://clck.ru/hcPcx
Медико-профилактическое дело,Медико-профилактическое дело,144,9800,14.02.2022,https://clck.ru/hcPde
Медико-профилактическое дело,Медико-профилактическое дело,74,6400,14.02.2022,https://clck.ru/hcPdr
Медико-профилактическое дело,Медико-профилактическое дело,288,19600,24.07.2022,https://clck.ru/sPYhw
Медико-социальная экспертиза,Особенности проведения медико-социальной экспертизы отдельных категорий граждан,36,2900,,https://clck.ru/hcPbg
Медико-социальная экспертиза,Индивидуальная программа реабилитации инвалида,36,2900,,https://clck.ru/hcPcK
"Медико-социальная экспертиза
(Лечебное дело; Педиатрия; Педиатрия (после специалитета))",Медико-социальная экспертиза: актуальные вопросы и инновационные решения,74,6400,02.06.2022,https://clck.ru/pdj7f
"Медико-социальная экспертиза
(Лечебное дело; Педиатрия; Педиатрия (после специалитета))",Медико-социальная экспертиза,144,9800,02.06.2022,https://clck.ru/reT7i
"Медико-социальная экспертиза
(Лечебное дело; Педиатрия; Педиатрия (после специалитета))",Медико-социальная экспертиза,288,19600,02.06.2022,https://clck.ru/reT7A
"Медико-социальная экспертиза
(Лечебное дело; Педиатрия; Педиатрия (после специалитета))",Медико-социальная экспертиза,36,2900,,https://clck.ru/reT8E
Медицинская биофизика,Медицинская биофизика,36,2900,23.06.2022,https://clck.ru/reThC
Медицинская биофизика,Медицинская биофизика: актуальные вопросы и инновационные решения,74,6400,28.06.2022,https://clck.ru/rfWRM
Медицинская биофизика,Медицинская биофизика,144,9800,28.06.2022,https://clck.ru/rfWWx
Медицинская биофизика,Медицинская биофизика,288,19600,28.06.2022,https://clck.ru/rfWa2
Медицинская биофизика,"Роль свободных радикалов в норме и патологии, окислительный стресс",36,11900,,https://clck.ru/hcPe7
"Медицинская биофизика
(Медицинская биохимия; Медицинская кибернетика)",Клиническая лабораторная диагностика,152,9900,,https://clck.ru/hcPeB
Медицинская биохимия,Медицинская биохимия,36,2900,28.06.2022,https://clck.ru/rfWCW
Медицинская биохимия,Медицинская биохимия: актуальные вопросы и инновационные решения,74,6400,28.06.2022,https://clck.ru/rfWJF
Медицинская биохимия,Медицинская биохимия,144,9800,28.06.2022,https://clck.ru/rfW9H
Медицинская биохимия,Медицинская биохимия,288,19600,28.06.2022,https://clck.ru/rfW6X
Медицинская биохимия,Биохимический анализатор с ионселективным блоком,36,11900,,https://clck.ru/hcPec
Медицинская кибернетика,Медицинская кибернетика,144,9800,15.02.2022,https://clck.ru/hcPfn
Медицинская кибернетика,Медицинская кибернетика,288,19600,24.07.2022,https://clck.ru/sPZYX
Медицинская кибернетика,Медицинская кибернетика,74,6400,28.02.22,https://clck.ru/hcPg2
Медицинская кибернетика,Базы биомедицинских данных,36,5900,,https://clck.ru/hcPfB
"Медицинская микробиология
(Бактериология, Вирусология, Медико-профилактическое дело, Паразитология)",Медицинская микробиология,74,6400,20.07.2022,https://clck.ru/sMDSP
"Медицинская микробиология
(Бактериология, Вирусология, Медико-профилактическое дело, Паразитология)",Медицинская микробиология,288,19600,20.07.2022,https://clck.ru/sMDWm
Неврология,Эпилептология: актуальные вопросы и инновационные решения,74,6400,02.03.2022,https://clck.ru/hcPgM
Неврология,Эпилептология,144,9800,02.03.2022,https://clck.ru/hcPga
Неврология,Неврология,36,2900,05.05.2022,https://clck.ru/hcPhW
Неврология,Неврология,74,6400,05.05.2022,https://clck.ru/hcPhi
Неврология,Неврология,144,9800,05.05.2022,https://clck.ru/hcPhy
Неврология,Неврология,288,19600,05.05.2022,https://clck.ru/hcPi3
Неврология,Общая и хроническая боль в неврологии: диагностика и лечение,36,5900,16.08.2022,https://clck.ru/sqsSL
Неврология,"Головные боли: диагностика, лечение и профилактика",36,5900,,https://clck.ru/hcPgB
"Неврология
(Общая врачебная практика (семейная медицина); Терапия; Педиатрия; Педиатрия (после специалитета); Психиатрия; Функциональная диагностика)",Диагностика и лечение эпилепсии,36,5900,,https://clck.ru/hcPiZ
"Неврология
(Терапия; Общая врачебная практика (семейная медицина))",Диагностика наследственных заболеваний нервной системы на амбулаторно-поликлиническом уровне,36,2900,,https://clck.ru/hcPiK
Нейрохирургия,Нейрохирургия,74,6400,10.07.2022,https://clck.ru/sHABf
Нейрохирургия,Нейрохирургия,36,2900,15.08.2022,https://clck.ru/sqd52
Нейрохирургия,Нейрохирургия,144,9800,27.06.2022,https://clck.ru/rf2aP
Нейрохирургия,Нейрохирургия,288,19600,27.06.2022,https://clck.ru/rfVcX
Нейрохирургия,Биопсийная диагностика нейрохирургической патологии,36,5900,,https://clck.ru/hcPig
Нейрохирургия,Двусторонние микродекомпрессии при поясничном спинальном стенозе,36,5900,,https://clck.ru/hcPip
Неонатология,Неонатология,288,19600,24.07.2022,https://clck.ru/sPYyf
Неонатология,Неонатология,74,6400,,https://clck.ru/hcPj4
Неонатология,Неонатология,144,9800,,https://clck.ru/hcPjN
"Неонатология
(Детская кардиология; Детская хирургия; Неврология; Общая врачебная практика (семейная медицина); Педиатрия; Терапия)",Актуальные проблемы неонатологии,36,2900,,https://clck.ru/hcPiu
Нефрология,Нефрология,288,19600,05.06.2022,https://clck.ru/pwafp
Нефрология,Нефрология,74,6400,1.03.2022,https://clck.ru/hcPkL
Нефрология,Негломерулярное поражение почек в практике врача,144,9800,23.08.2022,https://cuti.cc/omLyM
Нефрология,Нефрология,144,9800,28.02.22,https://clck.ru/hcPkp
Нефрология,Применение биомаркеров: адреномедуллина и проэнкефалина,36,2900,,https://clck.ru/hcPk6
"Нефрология
(Акушерство и гинекология; Бактериология; Инфекционные болезни; Общая врачебная практика (семейная медицина); Онкология; Педиатрия; Терапия; Хирургия)",Актуальные проблемы нефрологии,36,2900,,https://clck.ru/hcPjv
Общая врачебная практика (семейная медицина),Общая врачебная практика (семейная медицина): актуальные проблемы и инновационные решения,74,6400,17.06.2022,https://clck.ru/rbPDD
Общая врачебная практика (семейная медицина),Общая врачебная практика (семейная медицина),288,19600,17.06.2022,https://clck.ru/rbNkS
Общая врачебная практика (семейная медицина),Общая врачебная практика (семейная медицина),144,9800,18.06.2022,https://clck.ru/rbQQw
Общая врачебная практика (семейная медицина),Общая врачебная практика (семейная медицина): актуальные проблемы и инновационные решения,152,9800,,https://clck.ru/hcPn4
Общая врачебная практика (семейная медицина),Общая врачебная практика (семейная медицина): актуальные проблемы и инновационные решения,36,2900,,https://clck.ru/hcPnW
Общая врачебная практика (семейная медицина),Общественное здоровье и здравоохранение,36,5900,,https://clck.ru/hcPnh
Общая врачебная практика (семейная медицина),Особенности течения и лечения внутренних болезней,36,5900,,https://clck.ru/hcPns
Общая врачебная практика (семейная медицина),Актуальные вопросы диагностики и лечения травм,36,5900,,https://clck.ru/hcPo6
Общая врачебная практика (семейная медицина),Болезни детей и подростков в общеврачебной практике,36,5900,,https://clck.ru/hcPoG
Общая врачебная практика (семейная медицина),Болезни пожилых в общей врачебной практике,36,5900,,https://clck.ru/hcPoX
"Общая врачебная практика (семейная медицина)
(Кардиология; Лечебное дело; Неврология; Педиатрия; Педиатрия (после специалитета); Ревматология; Терапия; Травматология и ортопедия; Физиотерапия; Функциональная диагностика; Хирургия)",Диагностика и лечение травм,36,5900,,https://clck.ru/hcPm9
"Общая врачебная практика (семейная медицина)
(Лечебное дело; Офтальмология; Терапия)",Болезни глаз в общей врачебной практике,36,5900,,https://clck.ru/hcPmj
"Общая врачебная практика (семейная медицина)
(Лечебное дело; Педиатрия; Терапия)",Акушерство и гинекология в общей врачебной практике,36,5900,,https://clck.ru/hcPmX
"Общая врачебная практика (семейная медицина)
(Лечебное дело; Психиатрия; Психотерапия; Терапия)",Пациент с нарушениями психики в общей врачебной практике,36,2900,,https://clck.ru/hcPmN
"Общая врачебная практика (семейная медицина) 
(Лечебное дело; Неврология; Психотерапия; Терапия)",Болезни нервной системы в общей врачебной практике,36,5900,,https://clck.ru/hcPms
Общая гигиена,Общая гигиена,74,6400,05.04.2022,https://clck.ru/hcPpG
Общая гигиена,Общая гигиена,144,9800,05.04.2022,https://clck.ru/hcPpW
Общая гигиена,Медицинское и санитарно-эпидемиологическое обеспечение населения,36,2900,,https://clck.ru/hcPpA
"Общая гигиена
(Гигиена питания; Дезинфектология; Инфекционные болезни; Коммунальная гигиена; Общая врачебная практика (семейная медицина); Паразитология; Санитарно-гигиенические лабораторные исследования; Терапия; Эпидемиология)",Инфекционная безопасность и инфекционный контроль,36,2900,,https://clck.ru/hcPoz
Онкология,Онкология,288,19600,03.06.2022,https://clck.ru/pixLe
Онкология,Опухоли мочеполовой системы,144,9800,24.08.2022,https://clck.ru/ubmer
Онкология,CAR T-клеточная терапия в онкологии,36,2900,,https://clck.ru/hcPpd
Онкология,Онкология,74,6400,,https://clck.ru/hcPpo
Онкология,Онкология,144,9800,,https://clck.ru/hcPqF
"Онкология
(Акушерство и гинекология, Аллергология и иммунология, Анестезиология-реаниматология, Гастроэнтерология, Гематология, Дерматовенерология, Детская кардиология, Детская онкология, Детская онкология-гематология, Детская урология-андрология, Детская хирургия, Детская эндокринология, Инфекционные болезни, Кардиология, Колопроктология, Косметология, Лечебное дело, Неврология, Нейрохирургия, Неонатология, Нефрология, Общая врачебная практика (семейная медицина), Остеопатия, Оториноларингология, Офтальмология, Педиатрия, Педиатрия (после специалитета), Пластическая хирургия, Профпатология, Пульмонология, Рентгенология, Сердечно-сосудистая хирургия, Скорая медицинская помощь, Терапия, Торакальная хирургия, Ультразвуковая диагностика, Урология, Физическая и реабилитационная медицина, Фтизиатрия, Функциональная диагностика, Хирургия, Челюстно-лицевая хирургия, Эндокринология, Эндоскопия)",Онконастороженность и ранняя диагностика онкологических заболеваний в практике врачей,144,9800,05.06.2022,https://clck.ru/pwYGM
"Онкология
(Гериатрия)",Ранняя диагностика и скрининг в современной онкологии,36,5900,,https://clck.ru/hcPqn
Организация здравоохранения и общественное здоровье,Организация здравоохранения и общественное здоровье,74,6400,04.03.2022,https://clck.ru/hcPrf
Организация здравоохранения и общественное здоровье,Организация здравоохранения и общественное здоровье,288,19600,20.07.2022,https://clck.ru/sMCeR
Организация здравоохранения и общественное здоровье,Менеджмент и управление персоналом в медицинской организации,74,6400,,https://clck.ru/hcPrr
Организация здравоохранения и общественное здоровье,Организация здравоохранения и общественное здоровье,144,9800,,https://clck.ru/hcPs5
Организация здравоохранения и общественное здоровье,Ценообразование медицинских услуг,36,5900,,https://clck.ru/hcPsR
Организация здравоохранения и общественное здоровье,Деятельность медицинских организаций в системе ОМС,36,5900,,https://clck.ru/hcPsi
Организация здравоохранения и общественное здоровье,Закупки в сфере здравоохранения,36,11900,,https://clck.ru/hcPt4
Организация здравоохранения и общественное здоровье,Налогообложение медицинской организации,36,11900,,https://clck.ru/hcPtK
Организация здравоохранения и общественное здоровье,Основы управления коммерческой клиникой,36,11900,,https://clck.ru/hcPtW
"Организация здравоохранения и общественное здоровье
(Кардиология; Неврология; Общая врачебная практика (семейная медицина); Онкология; Терапия)","Актуальные вопросы деятельности, связанной с оборотом наркотических, психотропных веществ и их прекурсоров в медицинском учреждении",36,5900,,https://clck.ru/hcPrT
"Организация здравоохранения и общественное здоровье
(Медико-профилактическое дело; Общая врачебная практика (семейная медицина); Педиатрия; Социальная гигиена и организация госсанэпидслужбы; Терапия)",Актуальные вопросы вакцинопрофилактики,36,2900,,https://clck.ru/hcPr8
Ортодонтия,Ортодонтия: актуальные вопросы и инновационные решения,74,6400,20.07.2022,https://clck.ru/sMD8v
Ортодонтия,Ортодонтия,288,19600,20.07.2022,https://clck.ru/sMDFF
Ортодонтия,Ортодонтия,36,2900,20.07.2022,https://clck.ru/sMDHQ
Ортодонтия,Применение технологии ca-smart в ортодонтии,36,5900,,https://clck.ru/hcPuY
"Ортодонтия
(Стоматология детская; Стоматология общей практики; Стоматология ортопедическая; Стоматология терапевтическая; Стоматология хирургическая)",Физические методы диагностики и лечения в стоматологии,36,5900,,https://clck.ru/hcPtk
Остеопатия,Остеопатия,288,19600,17.07.2022,https://clck.ru/sKoZr
Остеопатия,Применение остеопатической и висцеральной техник в коррекции,36,2900,,https://clck.ru/hcPuh
Остеопатия,Остеопатия,74,6400,,https://clck.ru/hcPv4
Остеопатия,Остеопатия,144,9800,,https://clck.ru/hcPvS
Оториноларингология,Оториноларингология,288,19600,22.07.2022,https://clck.ru/sMDgB
Оториноларингология,Диагностика заболеваний лор-органов,36,5900,,https://clck.ru/hcQ2L
Оториноларингология,Врожденные дефекты в оториноларингологии,36,2900,,https://clck.ru/hcQ2j
Оториноларингология,Методы исследования вестибулярной системы,36,5900,,https://clck.ru/hcQ2z
Оториноларингология,Патологические состояния лор-органов: диагностика и профилактика,36,5900,,https://clck.ru/hcQ3T
Оториноларингология,"Методы обследования, анестезиология и реанимация в оториноларингологии",36,5900,,https://clck.ru/hcQ3q
Оториноларингология,Оториноларингология,74,6400,,https://clck.ru/hcQ4A
Оториноларингология,Оториноларингология,144,9800,,https://clck.ru/hcQ4L
"Оториноларингология
(Общая врачебная практика (семейная медицина); Онкология; Педиатрия; Сурдология-оториноларингология; Терапия; Хирургия)",Актуальные вопросы оториноларингологии,36,2900,,https://clck.ru/hcPzv
Офтальмология,Офтальмология,288,19600,24.07.2022,https://clck.ru/sPYsh
Офтальмология,Заболевания роговицы,144,9800,24.08.2022,https://clck.ru/ubkk8
Офтальмология,Поражения зрительного нерва,144,9800,29.08.2022,https://inlnk.ru/9PJExa
Офтальмология,Глаукома,144,9800,31.08.2022,https://clck.ru/wqrMN
Офтальмология,Актуальные вопросы детской офтальмологии,36,2900,,https://clck.ru/hcQ4d
Офтальмология,Профессиональные патологии зрения,36,2900,,https://clck.ru/hcQ4n
Офтальмология,Тромбоз центральной вены сетчатки или ее ветвей,36,2900,,https://clck.ru/hcQ4z
Офтальмология,Лазерная коррекция зрения,36,5900,,https://clck.ru/hcQ5F
Офтальмология,Офтальмология,74,6400,,https://clck.ru/hcQ5M
Офтальмология,Офтальмология,144,9800,,https://clck.ru/hcQ5f
"Офтальмология
(Неврология; Общая врачебная практика (семейная медицина); Педиатрия; Терапия; Функциональная диагностика)",Инновационные методы исследования органов зрения,36,5900,18.04.2022,https://clck.ru/hcQ66
"Паразитология
(Инфекционные болезни, Эпидемиология)",Паразитология,288,19600,,https://clck.ru/hcQ6H
Патологическая анатомия,Современные требования к оформлению заключительного клинического и  патологоанатомического диагнозов. Порядок оформления медицинского свидетельства о смерти,144,9800,06.09.2022,https://clck.ru/yHJxE
Патологическая анатомия,Основы и принципы формулировки клинического и патологоанатомического диагноза. Врачебные ошибки. Взаимодействие врач-пациент. Ятрогении,144,9800,06.09.2022,https://clck.ru/yHKdZ
Патологическая анатомия,Особоопасные инфекции (в том числе и COVID-19): требования биологической безопасности вскрытия,144,9800,06.09.2022,https://clck.ru/yHLCD
Патологическая анатомия,Патологическая анатомия экстремальных состояний,36,2900,,https://clck.ru/hcQ6Z
"Патологическая анатомия
(Детская онкология, Детская урология-андрология, Детская хирургия, Колопроктология, Нейрохирургия, Онкология, Пластическая хирургия, Сердечно-сосудистая хирургия, Судебно-медицинская экспертиза, Торакальная хирургия, Травматология и ортопедия, Урология, Хирургия, Челюстно-лицевая хирургия)",Патологическая анатомия: актуальные вопросы и инновационные решения,74,6400,09.08.2022,https://clck.ru/sXPaQ
"Патологическая анатомия
(Детская онкология, Детская урология-андрология, Детская хирургия, Колопроктология, Нейрохирургия, Онкология, Пластическая хирургия, Сердечно-сосудистая хирургия, Судебно-медицинская экспертиза, Торакальная хирургия, Травматология и ортопедия, Урология, Хирургия, Челюстно-лицевая хирургия)",Патологическая анатомия,36,2900,11.07.2022,https://clck.ru/sHADE
"Патологическая анатомия
(Детская онкология, Детская урология-андрология, Детская хирургия, Колопроктология, Нейрохирургия, Онкология, Пластическая хирургия, Сердечно-сосудистая хирургия, Судебно-медицинская экспертиза, Торакальная хирургия, Травматология и ортопедия, Урология, Хирургия, Челюстно-лицевая хирургия)",Патологическая анатомия,144,9800,11.07.2022,https://clck.ru/sHAEA
"Патологическая анатомия
(Детская онкология, Детская урология-андрология, Детская хирургия, Колопроктология, Нейрохирургия, Онкология, Пластическая хирургия, Сердечно-сосудистая хирургия, Судебно-медицинская экспертиза, Торакальная хирургия, Травматология и ортопедия, Урология, Хирургия, Челюстно-лицевая хирургия)",Патологическая анатомия,288,19600,11.07.2022,https://clck.ru/sHAEv
"Патологическая анатомия
(Нейрохирургия; Сердечно-сосудистая хирургия; Хирургия)",Патологическая анатомия инфекционных болезней,36,2900,,https://clck.ru/hcQ78
Педиатрия,Педиатрия,36,2900,22.07.2022,https://clck.ru/sMFgk
Педиатрия,Педиатрия,288,19600,22.07.2022,https://clck.ru/sMFdG
Педиатрия,"Особенности диагностики, лечения и профилактики коронавирусной инфекции covid-19 у детей",36,1900,,https://clck.ru/hcQ7m
Педиатрия,Педиатрия,144,9800,,https://clck.ru/hcQ8Q
Педиатрия,Педиатрия,74,6400,,https://clck.ru/hcQ8o
"Педиатрия, Педиатрия (после специалитета)
(Акушерство и гинекология; Анестезиология и реаниматология; Детская хирургия; Хирургия)",Неотложные состояния в педиатрии,36,5900,,https://clck.ru/hcQ9K
"Педиатрия, Педиатрия (после специалитета)
(Генетика; Детская кардиология; Неврология; Общая врачебная практика (семейная медицина); Терапия)",Диагностика и профилактика ранних отклонений в состоянии здоровья и развития детей,36,2900,,https://clck.ru/hcQ94
Пластическая хирургия,Закрытые методики выполнения пластических операций,36,5900,,https://clck.ru/hcQ9e
"Пластическая хирургия
(Челюстно-лицевая хирургия)",Актуальные вопросы пластической и челюстно-лицевой хирургии,36,2900,15.07.2022,https://clck.ru/sJFTw
"Пластическая хирургия
(Челюстно-лицевая хирургия)",Актуальные вопросы пластической и челюстно-лицевой хирургии,74,6400,15.07.2022,https://clck.ru/sJFgu
"Пластическая хирургия
(Челюстно-лицевая хирургия)",Актуальные вопросы пластической и челюстно-лицевой хирургии,144,9800,15.07.2022,https://clck.ru/sJFYR
"Пластическая хирургия
(Челюстно-лицевая хирургия)",Актуальные вопросы пластической и челюстно-лицевой хирургии,288,19600,15.07.2022,https://clck.ru/sJFja
Профпатология,Экспертиза временной нетрудоспособности,144,9800,12.09.2022,https://clck.ru/zpef3
Профпатология,Организация работы врачебной комиссии (ВК) в центре профпатологии,144,9800,12.09.2022,https://clck.ru/zpfUq
Профпатология,Профпатология,36,2900,22.07.2022,https://clck.ru/sMFWw
Профпатология,Профпатология: актуальные вопросы и инновационные решения,74,6400,22.07.2022,https://clck.ru/sMFS7
Профпатология,Профпатология,144,9800,22.07.2022,https://clck.ru/sMEZM
Профпатология,Профпатология,288,19600,22.07.2022,https://clck.ru/sMEVa
Профпатология,Профессиональные заболевания медицинских работников,36,2900,,https://clck.ru/hcQ9w
"Профпатология
(Авиационная и космическая медицина; Акушерство и гинекология; Аллергология и иммунология; Анестезиология-реаниматология; Бактериология; Вирусология; Водолазная медицина; Гастроэнтерология; Гематология; Генетика; Гериатрия; Дезинфектология; Дерматовенерология; Детская кардиология; Детская онкология; Детская онкология-гематология; Детская урология-андрология; Детская эндокринология; Диетология; Колопроктология; Косметология; Мануальная терапия; Нейрохирургия; Неонатология; Нефрология; Общая врачебная практика (семейная медицина); Онкология; Ортодонтия; Остеопатия; Оториноларингология; Офтальмология; Патологическая анатомия; Педиатрия; Педиатрия (после специалитета); Пластическая хирургия; Психиатрия; Психиатрия-наркология; Психотерапия; Пульмонология; Радиационная гигиена; Ревматология; Рефлексотерапия; Сердечно-сосудистая хирургия; Скорая медицинская помощь; Стоматология общей практики; Стоматология общей практики (после специалитета); Стоматология ортопедическая; Стоматология хирургическая; Стоматология терапевтическая; Терапия; Токсикология; Торакальная хирургия; Травматология и ортопедия; Трансфузиология; Урология; Физиотерапия; Физическая и реабилитационная медицина; Фтизиатрия; Функциональная диагностика; Хирургия; Челюстно-лицевая хирургия; Эндокринология; Эндоскопия; Эпидемиология)",Экспертиза временной нетрудоспособности,144,9800,12.09.2022,https://clck.ru/zpef3
"Профпатология
(Авиационная и космическая медицина; Акушерство и гинекология; Аллергология и иммунология; Анестезиология-реаниматология; Бактериология; Вирусология; Водолазная медицина; Гастроэнтерология; Гематология; Генетика; Гериатрия; Дезинфектология; Дерматовенерология; Детская кардиология; Детская онкология; Детская онкология-гематология; Детская урология-андрология; Детская эндокринология; Диетология; Колопроктология; Косметология; Мануальная терапия; Нейрохирургия; Неонатология; Нефрология; Общая врачебная практика (семейная медицина); Онкология; Ортодонтия; Остеопатия; Оториноларингология; Офтальмология; Патологическая анатомия; Педиатрия; Педиатрия (после специалитета); Пластическая хирургия; Психиатрия; Психиатрия-наркология; Психотерапия; Пульмонология; Радиационная гигиена; Ревматология; Рефлексотерапия; Сердечно-сосудистая хирургия; Скорая медицинская помощь; Стоматология общей практики; Стоматология общей практики (после специалитета); Стоматология ортопедическая; Стоматология хирургическая; Стоматология терапевтическая; Терапия; Токсикология; Торакальная хирургия; Травматология и ортопедия; Трансфузиология; Урология; Физиотерапия; Физическая и реабилитационная медицина; Фтизиатрия; Функциональная диагностика; Хирургия; Челюстно-лицевая хирургия; Эндокринология; Эндоскопия; Эпидемиология)",Экспертиза временной нетрудоспособности,72,5000,,https://clck.ru/hcQAX
"Профпатология
(Авиационная и космическая медицина; Акушерство и гинекология; Аллергология и иммунология; Вирусология; Водолазная медицина; Гастроэнтерология; Дерматовенерология; Детская кардиология; Детская онкология; Детская онкология-гематология; Детская урология-андрология; Детская хирургия; Детская эндокринология; Инфекционные болезни; Колопроктология; Косметология; Мануальная терапия; Нейрохирургия; Неонатология; Нефрология; Общая врачебная практика (семейная медицина); Онкология; Ортодонтия; Остеопатия; Оториноларингология; Офтальмология; Патологическая анатомия; Педиатрия; Педиатрия (после специалитета); Пластическая хирургия; Психиатрия; Психиатрия-наркология; Психотерапия; Ревматология; Рефлексотерапия; Стоматология детская; Стоматология ортопедическая; Стоматология хирургическая; Стоматология терапевтическая; Сурдология-оториноларингология; Терапия; Токсикология; Травматология и ортопедия; Трансфузиология; Урология; Физическая и реабилитационная медицина; Фтизиатрия; Хирургия; Челюстно-лицевая хирургия; Эндокринология; Эпидемиология)",Организация предварительных и периодических медицинских осмотров работников и медицинские регламенты допуска к профессии,144,4900,,https://clck.ru/hcQCd
"Профпатология
(Аллергология и иммунология; Кардиология; Колопроктология; Неврология; Общая врачебная практика (семейная медицина); Онкология; Терапия)",Профпатология: актуальные проблемы и инновационные решения,36,2900,,https://clck.ru/hcQAA
Психиатрия,Психиатрия: актуальные вопросы и инновационные решения,74,6400,05.06.2022,https://clck.ru/pwYpc
Психиатрия,Психиатрия,144,9800,05.06.2022,https://clck.ru/sHAG8
Психиатрия,Психиатрия,36,2900,15.08.2022,https://clck.ru/sqj7j
Психиатрия,Психиатрия,288,19600,15.08.2022,https://clck.ru/sqgVh
"Психиатрия
(Гериатрия; Неврология; Терапия)",Ранняя диагностика болезни Альцгеймера,36,5900,,https://clck.ru/hcQDF
"Психиатрия
(Психиатрия-наркология; Психотерапия)",Актуальные вопросы психопатологии,36,2900,,https://clck.ru/hcQDS
Психиатрия-наркология,Психиатрия,36,2900,15.08.2022,https://clck.ru/sqfPq
Психиатрия-наркология,Психиатрия и наркология: актуальные вопросы и инновационные решения,74,6400,15.08.2022,https://clck.ru/sqbpN
Психиатрия-наркология,Психиатрия,144,9800,15.08.2022,https://clck.ru/sqeEG
Психиатрия-наркология,Психиатрия и наркология,288,19600,15.08.2022,https://clck.ru/sqkqW
Психиатрия-наркология,Методы реабилитации в наркологии,36,5900,,https://clck.ru/hcQDZ
Психиатрия-наркология,Актуальные вопросы лечения алкоголизма,36,5900,,https://clck.ru/hcQDk
Психиатрия-наркология,Психотерапевтические методы лечения в наркологии,36,5900,,https://clck.ru/hcQE5
Психиатрия-наркология,Неотложная наркология,36,5900,,https://clck.ru/hcQEe
Психиатрия-наркология,Зависимость от психоактивных веществ,36,5900,,https://clck.ru/hcQFN
Психиатрия-наркология,"Проведение медицинского освидетельствования на состояние опьянения лиц, управляющих транспортными средствами",36,4900,,https://clck.ru/hcQFa
Психотерапия,Психотерапия,288,19600,22.07.2022,https://clck.ru/sMCYK
Психотерапия,Психотерапия,36,2900,28.07.2022,https://clck.ru/sUt9z
Психотерапия,Психотерапия,144,9800,,https://clck.ru/hcQGQ
Психотерапия,Психотерапия,74,6400,,https://clck.ru/hcQGy
"Психотерапия
(Неврология; Общая врачебная практика (семейная медицина); Педиатрия; Профпатология; Терапия)",Актуальные проблемы психотерапии,36,2900,,https://clck.ru/hcQG3
"Психотерапия
(Психиатрия; Психиатрия-наркология)",Суицидология и кризисная психотерапия,36,5900,,https://clck.ru/hcQFn
Пульмонология,Пульмонология,36,2900,18.07.2022,https://clck.ru/sKp3q
Пульмонология,Пульмонология: актуальные вопросы и инновационные решения,74,6400,18.07.2022,https://clck.ru/sKp6T
Пульмонология,Пульмонология,144,9800,18.07.2022,https://clck.ru/sKovY
Пульмонология,Пульмонология,288,19600,18.07.2022,https://clck.ru/sKoyL
Пульмонология,Вредные физические и химические факторы в пульмонологии,36,2900,,https://clck.ru/hcQH8
Радиационная гигиена,Способы экспертизы радиационных объектов и оценки опасности,36,5900,05.05.2022,https://clck.ru/hcQHf
Радиационная гигиена,Радиационная гигиена,36,2900,05.05.2022,https://clck.ru/hcQHu
Радиационная гигиена,Радиационная гигиена,74,6400,05.05.2022,https://clck.ru/hcQJA
Радиационная гигиена,Радиационная гигиена,144,9800,05.05.2022,https://clck.ru/hcQJU
Радиационная гигиена,Радиационная гигиена,288,19600,,https://clck.ru/hcQJs
"Радиационная гигиена
(Радиология; Радиотерапия; Рентгенология)",Радиационная безопасность при рентгенологических исследованиях,36,2900,,https://clck.ru/hcQHH
Радиология,Радиология: актуальные вопросы и инновационны решения,74,6400,20.07.2022,https://clck.ru/sMCsy
Радиология,Радиология,144,9800,22.07.2022,https://clck.ru/sMEBg
Радиология,Радиология,288,19600,22.07.2022,https://clck.ru/sME7L
"Радиология
(Онкология)",Лучевая терапия гемобластозов,36,5900,,https://clck.ru/hcQK5
"Радиология
(Радиотерапия; Рентгенология)",Лучевая диагностика заболеваний,36,5900,,https://clck.ru/hcQKS
Радиотерапия,Радиотерапия,74,6400,05.04.2022,https://clck.ru/hcQKv
Радиотерапия,Радиотерапия,36,2900,22.07.2022,https://clck.ru/sMEKJ
Радиотерапия,Радиотерапия,288,19600,22.07.2022,https://clck.ru/sMEPp
Радиотерапия,Радиотерапия,144,9800,,https://clck.ru/hcQLJ
"Радиотерапия
(Онкология)",Лучевая радиотерапия опухолевых заболеваний,36,5900,05.04.2022,https://clck.ru/hcQKk
Ревматология,Ревматология: актуальные вопросы и инновационные решения,74,6400,12.07.2022,https://clck.ru/sHAHX
Ревматология,Ревматология,144,9800,12.07.2022,https://clck.ru/sHAJF
Ревматология,Ревматология,288,19600,12.07.2022,https://clck.ru/sHAKK
Ревматология,Ревматология,36,2900,18.06.2022,https://clck.ru/rbPtP
Ревматология,Терапия анкилозирующего спондилита (болезни Бехтерева),36,5900,,https://clck.ru/hcQLU
Ревматология,Воспалительные заболевания суставов и позвоночника,36,5900,,https://clck.ru/hcQLh
Ревматология,Рентгенэндоваскулярные методы диагностики и лечения,36,5900,,https://clck.ru/hcQMM
Рентгенология,Рентгенология,288,19600,22.07.2022,https://clck.ru/sME3p
Рентгенология,Компьютерная томография,36,4900,,https://clck.ru/hcQN7
Рентгенология,Магнитно-резонансная томография,36,4900,,https://clck.ru/hcQNQ
Рентгенология,Малодозовая цифровая рентгенография,36,5900,,https://clck.ru/hcQNb
Рентгенология,Рентгенология: актуальные вопросы и инновационные решения,74,6400,,https://clck.ru/hcQNy
Рентгенология,Рентгенология,144,9800,,https://clck.ru/hcQPS
Рентгенология,Основы акупунктуры,36,5900,,https://clck.ru/hcQPu
Рентгенэндоваскулярные диагностика и лечение,Рентгенология: актуальные проблемы и инновационные решения,36,5900,,https://clck.ru/hcQMW
"Рентгенэндоваскулярные диагностика и лечение
(Лечебное дело, Педиатрия, Педиатрия (после специалитета)",Рентгенэндоваскулярная диагностика и лечение,144,9800,24.07.2022,https://clck.ru/sPYYr
"Рентгенэндоваскулярные диагностика и лечение
(Лечебное дело, Педиатрия, Педиатрия (после специалитета)",Рентгенэндоваскулярная диагностика и лечение,288,19600,24.07.2022,https://clck.ru/sPYoD
Рефлексотерапия,Рефлексотерапия,288,19600,24.07.2022,https://clck.ru/sPZDD
Рефлексотерапия,Рефлексотерапия,74,6400,,https://clck.ru/hcQQF
Рефлексотерапия,Рефлексотерапия,144,9800,,https://clck.ru/hcQQQ
Рефлексотерапия,Аппаратные методы рефлексотерапии,36,5900,,https://clck.ru/hcQQb
"Рефлексотерапия
(Общая врачебная практика (семейная медицина), Терапия, Физиотерапия)",Количественный химический анализ в санитарно-гигиенических исследованиях,36,5900,,https://clck.ru/hcQQo
Санитарно-гигиенические лабораторные исследования,Инфекционная безопасность и инфекционный контроль,36,2900,,https://clck.ru/hcQQz
"Санитарно-гигиенические лабораторные исследования
(Гигиена питания; Дезинфектология; Инфекционные болезни; Коммунальная гигиена; Общая врачебная практика (семейная медицина); Общая гигиена; Паразитология; Терапия; Эпидемиология)",Клинические особенности мужской и женской сексологии,36,5900,,https://clck.ru/hcQRp
Сексология,Возрастная сексология,74,6400,09.08.2022,https://clck.ru/sXPVC
Сексология,Миниинвазивный доступ в хирургии митрального клапана,36,11900,,https://clck.ru/hcQS2
"Сексология
(Лечебное дело, Педиатрия, Педиатрия (после специалитета), Психиатрия)",Сексология,144,9800,04.08.2022,https://clck.ru/sUuSQ
Сердечно-сосудистая хирургия,Сердечно-сосудистая хирургия,144,9800,02.08.2022,https://clck.ru/sUuKz
Сердечно-сосудистая хирургия,Флебология,144,9800,04.03.2022,https://clck.ru/hcQSY
Сердечно-сосудистая хирургия,Сердечно-сосудистая хирургия,144,9800,16.08.2022,https://clck.ru/sqozY
Сердечно-сосудистая хирургия,Флебология,288,19600,18.07.2022,https://clck.ru/sKofq
Сердечно-сосудистая хирургия,Сердечно-сосудистая хирургия,36,2900,25.07.2022,https://clck.ru/sPaYn
Сердечно-сосудистая хирургия,Сердечно-сосудистая хирургия: актуальные вопросы и инновационные решения,74,6400,25.07.2022,https://clck.ru/sPagc
Сердечно-сосудистая хирургия,Сердечно-сосудистая хирургия,288,19600,25.07.2022,https://clck.ru/sPacx
Сердечно-сосудистая хирургия,Хирургическое лечение пороков сердца,36,5900,,https://clck.ru/hcQSM
Сердечно-сосудистая хирургия,Флебология: актуальные вопросы и инновационные решения,74,6400,,https://clck.ru/hcQSm
Сестринское дело,Сестринское дело,288,19600,28.07.2022,https://clck.ru/sUswL
Сестринское дело,"Медико-статистическая информация, ведение медицинской документации, организация деятельности медицинского персонала",36,5900,,https://clck.ru/hcQVs
Сестринское дело,Сестринское дело,74,6400,,https://clck.ru/hcQWD
Сестринское дело,Сестринское дело,144,9800,,https://clck.ru/hcQWR
Сестринское дело,AR-технологии - для оказания первой медицинской помощи,36,11900,,https://clck.ru/hcQWq
"Сестринское дело
(Бактериология; Гигиеническое воспитание; Диетология; Лечебное дело; Физиотерапия; Функциональная диагностика)",Сестринское дело,152,5900,,https://clck.ru/hcQT9
Скорая медицинская помощь,Неотложная помощь,36,2900,04.03.2022,https://clck.ru/hcQXe
Скорая медицинская помощь,Скорая и неотложная помощь,144,9800,11.04.2022,https://clck.ru/hcQYB
Скорая медицинская помощь,Скорая и неотложная помощь,74,6400,15.02.2022,https://clck.ru/hcQXv
Скорая медицинская помощь,Оказание первой медицинской помощи,74,6400,,https://clck.ru/hcQYR
"Скорая медицинская помощь
(Авиационная и космическая медицина, Акушерство и гинекология, Аллергология и иммунология, Анестезиология-реаниматология, Бактериология, Вирусология, Водолазная медицина, Гастроэнтерология, Гематология, Генетика, Гериатрия, Гигиена детей и подростков, Гигиена питания, Гигиена труда, Гигиеническое воспитание, Дезинфектология, Дерматовенерология, Детская кардиология, Детская онкология, Детская онкология-гематология, Детская урология-андрология, Детская хирургия, Детская эндокринология, Диетология, Инфекционные болезни, Кардиология, Клиническая лабораторная диагностика, Клиническая фармакология, Колопроктология, Коммунальная гигиена, Косметология, Лабораторная генетика, Лечебная физкультура и спортивная медицина, Лечебное дело, Мануальная терапия, Медико-профилактическое дело, Медико-социальная экспертиза, Медицинская биофизика, Медицинская биохимия, Медицинская кибернетика, Медицинская микробиология, Неврология, Нейрохирургия, Неонатология, Нефрология, Общая врачебная практика (семейная медицина), Общая гигиена, Онкология, Организация здравоохранения и общественное здоровье, Ортодонтия, Остеопатия, Оториноларингология, Офтальмология, Паразитология, Патологическая анатомия, Педиатрия, Педиатрия (после специалитета), Пластическая хирургия, Профпатология, Психиатрия, Психиатрия-наркология, Психотерапия, Пульмонология, Радиационная гигиена, Радиология, Радиотерапия, Ревматология, Рентгенология, Рентгенэндоваскулярные диагностика и лечение, Рефлексотерапия, Санитарно-гигиенические лабораторные исследования, Сексология, Сердечно-сосудистая хирургия, Сестринское дело, Социальная гигиена и организация госсанэпидслужбы, Стоматология детская, Стоматология общей практики, Стоматология общей практики (после специалитета), Стоматология ортопедическая, Стоматология терапевтическая, Стоматология хирургическая, Судебно-медицинская экспертиза, Судебно-психиатрическая экспертиза, Сурдология-оториноларингология, Терапия, Токсикология, Торакальная хирургия, Травматология и ортопедия, Трансфузиология, Ультразвуковая диагностика, Управление и экономика фармации, Управление сестринской деятельностью, Урология, Фармацевтическая технология, Фармацевтическая химия и фармакогнозия, Фармация, Физиотерапия, Физическая и реабилитационная медицина, Фтизиатрия, Функциональная диагностика, Хирургия, Челюстно-лицевая хирургия, Эндокринология, Эндоскопия, Эпидемиология)",Государственная статистическая отчетность в системе Роспотребнадзора,36,5900,,https://clck.ru/hcQZ3
Социальная гигиена и организация госсанэпидслужбы,Социальная гигиена и организация госсанэпидслужбы,74,6400,15.02.2022,https://clck.ru/hcQZN
Социальная гигиена и организация госсанэпидслужбы,Социальная гигиена и организация госсанэпидслужбы,144,9800,15.02.2022,https://clck.ru/hcQa3
Социальная гигиена и организация госсанэпидслужбы,Социальная гигиена и организация госсанэпидслужбы,288,19600,18.07.2022,https://clck.ru/sKooD
Социальная гигиена и организация госсанэпидслужбы,Лечение кариеса зубов у детей и подростков,36,5900,,https://clck.ru/hcQaP
Стоматология детская,Стоматологическая помощь населению,36,5900,17.04.2022,https://clck.ru/hcQe8
Стоматология детская,Пульпотомия молочных моляров,36,2900,18.08.2022,https://clck.ru/sqtjL
Стоматология детская,Стоматология детская,288,19600,20.07.2022,https://clck.ru/sMChT
Стоматология детская,Стоматология детская,74,6400,,https://clck.ru/hcQdh
"Стоматология детская
(Стоматология общей практики; Стоматология общей практики (после специалитета); Стоматология ортопедическая; Стоматология хирургическая; Стоматология терапевтическая)",Стоматология детская,144,9800,,https://clck.ru/hcQdS
"Стоматология общей практики
(Стоматология детская; Стоматология терапевтическая; Стоматология хирургическая; Стоматология ортопедическая)",Скорая неотложная помощь в стоматологии с использованием дефибриллятора,74,6400,,https://clck.ru/hcQeS
"Стоматология общей практики
(Стоматология общей практики
(после специалитета)",Стоматология общей практики,74,6400,04.03.2022,https://clck.ru/hcQfB
"Стоматология общей практики
(Стоматология общей практики
(после специалитета)",Стоматология общей практики,288,19600,24.07.2022,https://clck.ru/sPa5w
"Стоматология общей практики
(Стоматология общей практики
(после специалитета)",Имплантология,144,9800,28.02.22,https://clck.ru/hcQfs
"Стоматология общей практики
(Стоматология общей практики
(после специалитета)",Имплантология: актуальные вопросы и инновационные решения,74,6400,,https://clck.ru/hcQgM
"Стоматология общей практики
(Стоматология общей практики
(после специалитета)",Полное отсутствие зубов,36,5900,,https://clck.ru/hcQgq
"Стоматология общей практики
(Стоматология общей практики (после специалитета), Стоматология детская, Стоматология ортопедическая, Стоматология терапевтическая, Стоматология хирургическая)",Стоматология общей практики,144,9800,,https://clck.ru/hcQem
Стоматология ортопедическая,Ортопедическая стоматология: актуальные вопросы и инновационные решения,74,6400,03.04.22,https://clck.ru/hcQnX
Стоматология ортопедическая,Стоматология ортопедическая,288,19600,22.07.2022,https://clck.ru/sMGDy
Стоматология ортопедическая,Ортопедическая стоматология,144,9800,,https://clck.ru/hcQnq
Стоматология ортопедическая,Некариозные поражения твердых тканей зуба,36,5000,,https://clck.ru/hcQo6
"Стоматология ортопедическая
(Стоматология общей практики; Стоматология терапевтическая; Стоматология хирургическая)",Клиническая имплантология,36,5900,,https://clck.ru/hcQh4
"Стоматология ортопедическая
(Стоматология общей практики; Стоматология терапевтическая; Стоматология хирургическая)",Дефекты зубных рядов. Бюгельное протезирование,36,5000,,https://clck.ru/hcQvd
"Стоматология ортопедическая
(Стоматология общей практики; Стоматология терапевтическая)",Методы обследования в ортопедической стоматологии,36,5900,,https://clck.ru/hcQmp
"Стоматология ортопедическая
(Стоматология общей практики)",Стоматология ортопедическая,152,"9800
20000",03.04.22,https://clck.ru/hcQnM
"Стоматология ортопедическая
(Стоматология общей практики)",Дефекты коронковой части зубов,36,5000,,https://clck.ru/hcQnC
Стоматология терапевтическая,Стоматология терапевтическая,288,19600,24.07.2022,https://clck.ru/sPZK5
Стоматология терапевтическая,Актуальные вопросы терапевтической стоматологии,36,5900,,https://clck.ru/hcQp4
Стоматология терапевтическая,Стоматология терапевтическая,144,9800,,https://clck.ru/hcQpg
Стоматология терапевтическая,Стоматология терапевтическая,74,6400,,https://clck.ru/hcQpx
Стоматология терапевтическая,Плазменная реконструкция кости,36,2900,,https://clck.ru/hcQqJ
"Стоматология терапевтическая
(Стоматология общей практики; Стоматология детская; Стоматология хирургическая; Стоматология ортопедическая)",Стоматология терапевтическая,152,"9800
20000",,https://clck.ru/hcQos
"Стоматология терапевтическая
(Стоматология общей практики; Стоматология детская; Стоматология хирургическая)",Заболевания периодонта. Эндодонтия,36,5900,,https://clck.ru/hcQob
Стоматология хирургическая,Стоматология хирургическая,288,19600,20.07.2022,https://clck.ru/sMCC3
Стоматология хирургическая,Стоматология хирургическая,144,9800,,https://clck.ru/hcQqW
Стоматология хирургическая,Стоматология хирургическая,74,6400,,https://clck.ru/hcQqj
Стоматология хирургическая,Использование рентгенологического метода спиральной компьютерной томографии в судебно-медицинской практике,36,11900,,https://clck.ru/hcQr4
Судебно-медицинская экспертиза,Судебно-медицинская экспертиза,36,1300,09.06.2022,https://clck.ru/qEvmx
Судебно-медицинская экспертиза,Правила забора материала для судебно-медицинского исследования,36,5900,,https://clck.ru/hcQrN
"Судебно-медицинская экспертиза
(Лечебное дело, Медицинская биохимия, Педиатрия, Педиатрия (после специалитета))",Судебно-медицинская экспертиза,144,6400,09.06.2022,https://clck.ru/qEuYw
"Судебно-медицинская экспертиза
(Лечебное дело, Медицинская биохимия, Педиатрия, Педиатрия (после специалитета))",Судебно-медицинская экспертиза,288,11600,09.06.2022,https://clck.ru/qEvFx
"Судебно-медицинская экспертиза
(Лечебное дело, Медицинская биохимия, Педиатрия, Педиатрия (после специалитета))",Судебно-медицинская экспертиза,74,3500,10.06.2022,https://clck.ru/qjrEH
"Судебно-медицинская экспертиза
(Лечебное дело, Медицинская биохимия, Педиатрия, Педиатрия (после специалитета))",Влияние наследственной отягощенности и величин возраста на возникновение суицидальных действий,36,5900,,https://clck.ru/hcQrq
"Судебно-психиатрическая экспертиза
(Лечебное дело, Педиатрия, Педиатрия, после специалитета)",Аудиологический скрининг новорожденных и детей первого года жизни,36,5900,,https://clck.ru/hcQwV
"Судебно-психиатрическая экспертиза
(Психиатрия; Психиатрия-наркология)",Судебно-психиатрическая экспертиза: актуальные вопросы и инновационные решения,74,3500,12.07.2022,https://clck.ru/sHALB
"Судебно-психиатрическая экспертиза
(Судебно-медицинская экспертиза)",Клиническая психопатология,36,6900,,https://clck.ru/hcQwG
Сурдология-оториноларингология,Сурдология-оториноларингология,288,19600,20.07.2022,https://clck.ru/sMCke
Сурдология-оториноларингология,Сурдология-оториноларингология,144,9800,22.07.2022,https://clck.ru/sNZoD
Сурдология-оториноларингология,Сурдология-оториноларингология: актуальные вопросы и инновационные решения,74,6400,22.07.2022,https://clck.ru/sMDqc
Сурдология-оториноларингология,Сурдология-оториноларингология,36,2900,28.07.2022,https://clck.ru/sUt38
"Сурдология-оториноларингология
(Педиатрия; Неонатология)","Актуальные вопросы новой коронавирусной инфекции (COVID-19). Этиология, эпидемиология, клиника, диагностика, лечение и профилактика.",36,2900,,https://clck.ru/hcQwo
Терапия,Терапия,288,19600,18.06.2022,https://clck.ru/rbQ27
Терапия,Терапия,144,9800,,https://clck.ru/hcR3H
Терапия,Токсикология зависимых от наркотиков и алкоголя,36,5900,,https://clck.ru/hcR3c
"Терапия
(Авиационная и космическая медицина, Акушерство и гинекология, Аллергология и иммунология, Анестезиология-реаниматология, Бактериология, Вирусология, Водолазная медицина, Гастроэнтерология, Гематология, Генетика, Гериатрия, Гигиена детей и подростков, Гигиена питания, Гигиена труда, Гигиеническое воспитание, Дезинфектология, Дерматовенерология, Детская кардиология, Детская онкология, Детская онкология-гематология, Детская урология-андрология, Детская хирургия, Детская эндокринология, Диетология, Инфекционные болезни, Кардиология, Клиническая лабораторная диагностика, Клиническая фармакология, Колопроктология, Коммунальная гигиена, Косметология, Лабораторная генетика, Лечебная физкультура и спортивная медицина, Лечебное дело, Мануальная терапия, Медико-профилактическое дело, Медико-социальная экспертиза, Медицинская биофизика, Медицинская биохимия, Медицинская кибернетика, Медицинская микробиология, Неврология, Нейрохирургия, Неонатология, Нефрология, Общая врачебная практика (семейная медицина), Общая гигиена, Онкология, Организация здравоохранения и общественное здоровье, Ортодонтия, Остеопатия, Оториноларингология, Офтальмология, Паразитология, Патологическая анатомия, Педиатрия, Педиатрия (после специалитета), Пластическая хирургия, Профпатология, Психиатрия, Психиатрия-наркология, Психотерапия, Пульмонология, Радиационная гигиена, Радиология, Радиотерапия, Ревматология, Рентгенология, Рентгенэндоваскулярные диагностика и лечение, Рефлексотерапия, Санитарно-гигиенические лабораторные исследования, Сексология, Сердечно-сосудистая хирургия, Сестринское дело, Скорая медицинская помощь, Социальная гигиена и организация госсанэпидслужбы, Стоматология детская, Стоматология общей практики, Стоматология общей практики (после специалитета), Стоматология ортопедическая, Стоматология терапевтическая, Стоматология хирургическая, Судебно-медицинская экспертиза, Судебно-психиатрическая экспертиза, Сурдология-оториноларингология, Токсикология, Торакальная хирургия, Травматология и ортопедия, Трансфузиология, Ультразвуковая диагностика, Управление и экономика фармации, Управление сестринской деятельностью, Урология, Фармацевтическая технология, Фармацевтическая химия и фармакогнозия, Фармация, Физиотерапия, Физическая и реабилитационная медицина, Фтизиатрия, Функциональная диагностика, Хирургия, Челюстно-лицевая хирургия, Эндокринология, Эндоскопия, Эпидемиология)",Инфекционные заболевания в деятельности врача-терапевта,36,2900,,https://clck.ru/hcQxa
"Терапия
(Авиационная и космическая медицина, Акушерство и гинекология, Аллергология и иммунология, Анестезиология-реаниматология, Бактериология, Вирусология, Водолазная медицина, Гастроэнтерология, Гематология, Генетика, Гериатрия, Гигиена детей и подростков, Гигиена питания, Гигиена труда, Гигиеническое воспитание, Дезинфектология, Дерматовенерология, Детская кардиология, Детская онкология, Детская онкология-гематология, Детская урология-андрология, Детская хирургия, Детская эндокринология, Диетология, Инфекционные болезни, Кардиология, Клиническая лабораторная диагностика, Клиническая фармакология, Колопроктология, Косметология, Лабораторная генетика, Лечебная физкультура и спортивная медицина, Лечебное дело, Мануальная терапия, Медико-профилактическое дело, Медико-социальная экспертиза, Неврология, Нейрохирургия, Неонатология, Нефрология, Общая врачебная практика (семейная медицина), Общая гигиена, Онкология, Организация здравоохранения и общественное здоровье, Ортодонтия, Остеопатия, Оториноларингология, Офтальмология, Паразитология, Патологическая анатомия, Педиатрия, Педиатрия (после специалитета), Пластическая хирургия, Профпатология, Психиатрия, Психиатрия-наркология, Психотерапия, Пульмонология, Радиационная гигиена, Радиология, Радиотерапия, Ревматология, Рентгенология, Рентгенэндоваскулярные диагностика и лечение, Рефлексотерапия, Санитарно-гигиенические лабораторные исследования, Сексология, Сердечно-сосудистая хирургия, Сестринское дело, Скорая медицинская помощь, Социальная гигиена и организация госсанэпидслужбы, Стоматология детская, Стоматология общей практики, Стоматология общей практики (после специалитета), Стоматология ортопедическая, Стоматология терапевтическая, Стоматология хирургическая, Судебно-медицинская экспертиза, Судебно-психиатрическая экспертиза, Сурдология-оториноларингология, Токсикология, Торакальная хирургия, Травматология и ортопедия, Трансфузиология, Ультразвуковая диагностика, Управление и экономика фармации, Управление сестринской деятельностью, Урология, Фармацевтическая технология, Фармацевтическая химия и фармакогнозия, Фармация, Физиотерапия, Физическая и реабилитационная медицина, Фтизиатрия, Функциональная диагностика, Хирургия, Челюстно-лицевая хирургия, Эндокринология, Эндоскопия, Эпидемиология)",Медицинская помощь пациентам с новой коронавирусной инфекцией (COVID-19),36,2900,30.05.2022,https://clck.ru/nxRBi
"Терапия
(Акушерство и гинекология; Кардиология; Общая врачебная практика (семейная медицина); Онкология; Физиотерапия; Хирургия)",Диагностика и лечения травм,36,5900,,https://clck.ru/hcR29
"Терапия
(Акушерство и гинекология; Колопроктология; Общая врачебная практика (семейная медицина); Физиотерапия; Функциональная диагностика)","Реабилитация и лечение больных, перенесших острый коронарный синдром",36,5900,,https://clck.ru/hcR2t
"Терапия
(Акушерство и гинекология; Лечебное дело; Общая врачебная практика (семейная медицина); Педиатрия; Педиатрия (после специалитета); 
 Хирургия)",Профилактика неинфекционных заболеваний,72,2900,,https://clck.ru/hcQyM
"Терапия
(Бактериология; Вирусология; Инфекционные болезни; Общая врачебная практика (семейная медицина); Эпидемиология)",Болезни глаз в деятельности врача-терапевта,36,5900,,https://clck.ru/hcQyf
"Терапия
(Бактериология; Дезинфектология; Инфекционные болезни; Лечебное дело; Общая врачебная практика (семейная медицина); Эпидемиология)",Болезни нервной системы в деятельности врача-терапевта,36,5900,,https://clck.ru/hcQxp
"Терапия
(Генетика; Гигиена детей и подростков; Детская кардиология; Детская онкология; Детская урология-андрология; Детская эндокринология; Неврология; Общая врачебная практика (семейная медицина); Педиатрия; Педиатрия (после специалитета))",Особенности течения и лечения внутренних болезней,36,5900,,https://clck.ru/hcQzv
"Терапия
(Гериатрия; Кардиология; Неврология; Общая врачебная практика (семейная медицина); Онкология; Физиотерапия)",Болезни детей и подростков в деятельности врача-терапевта,36,5900,,https://clck.ru/hcQzd
"Терапия
(Гериатрия; Общая врачебная практика (семейная медицина); Офтальмология; Педиатрия; Педиатрия (после специалитета))",Пожилой больной в практике терапевта,36,5900,,https://clck.ru/hcQys
"Терапия
(Детская кардиология; Кардиология)",Терапия,74,6400,,https://clck.ru/hcR34
"Терапия
(Диетология; Медико-профилактическое дело; Общая врачебная практика (семейная медицина); Организация здравоохранения и общественное здоровье)","Профилактика, диагностика и лечение новой коронавирусной инфекции (COVID-19)",36,1900,,https://clck.ru/hcQyZ
"Терапия
(Лечебное дело; Неврология; Общая врачебная практика (семейная медицина); Педиатрия; Педиатрия (после специалитета))",Актуальные вопросы акушерства и гинекологии,36,2900,,https://clck.ru/hcQyA
"Терапия
(Общая врачебная практика (семейная медицина); Травматология и ортопедия; Хирургия)",Болезни толстой кишки,36,5900,,https://clck.ru/hcR2X
Токсикология,Токсикология,36,2900,10.07.2022,https://clck.ru/sHA8L
Токсикология,Токсикология,144,9800,11.07.2022,https://clck.ru/sHA9Q
Токсикология,Токсикология,288,19600,14.07.2022,https://clck.ru/sJFGD
Токсикология,Токсикология: актуальные вопросы и инновационные вопросы,74,6400,28.06.2022,https://clck.ru/rf2r2
Токсикология,Применение системы Eye Tracking в торакальной хирургии,36,11900,,https://clck.ru/hcR43
"Токсикология
(Психиатрия-наркология)",Энтеральная детоксикация при острых химических отравлениях,36,5900,,https://clck.ru/hcR3m
Торакальная хирургия,Торакальная хирургия: актуальные вопросы и инновационные решения,74,6400,17.06.2022,https://clck.ru/rbP5w
Торакальная хирургия,Торакальная хирургия,144,9800,17.06.2022,https://clck.ru/rbPcS
Торакальная хирургия,Торакальная хирургия,288,19600,17.06.2022,https://clck.ru/rbPSz
Торакальная хирургия,Торакальная хирургия,36,2900,18.06.2022,https://clck.ru/rbQ78
Торакальная хирургия,Видеоторакоскопия в торакальной хирургии,36,5900,,https://clck.ru/hcR4L
Торакальная хирургия,Диагностика и лечение травм конечностей,36,5900,,https://clck.ru/hcR4a
Травматология и ортопедия,Трансфузиология переливания крови,36,5900,17.04.2022,https://clck.ru/hcR5a
Травматология и ортопедия,Травматология и ортопедия,288,19600,18.07.2022,https://clck.ru/sKojb
Травматология и ортопедия,Травматология и ортопедия,144,9800,,https://clck.ru/hcR4p
Травматология и ортопедия,Травматология и ортопедия,74,6400,,https://clck.ru/hcR5E
"Трансфузиология
(Клиническая лабораторная диагностика; Гематология; Общая врачебная практика (семейная медицина); Терапия)",Ультразвуковая диагностика заболеваний толстой кишки,36,2900,,https://clck.ru/hcR5j
Ультразвуковая диагностика,Ультразвуковая диагностика,288,19600,16.07.2022,https://clck.ru/sKoGY
Ультразвуковая диагностика,Ультразвуковая диагностика,74,6400,,https://clck.ru/hcR6T
Ультразвуковая диагностика,Основы анализа финансово-хозяйственной деятельности фармацевтической организации,36,5900,,https://clck.ru/hcR76
"Ультразвуковая диагностика
(Акушерство и гинекология; Детская онкология; Неврология; Общая врачебная практика (семейная медицина); Онкология; Педиатрия; Педиатрия (после специалитета); Терапия)",Ультразвуковое исследование молочных желёз,36,2900,,https://clck.ru/hcR5z
"Ультразвуковая диагностика
(Детская кардиология, Детская хирургия, Кардиология, Нейрохирургия, Пластическая хирургия, Сердечно-сосудистая хирургия, Торакальная хирургия, Челюстно-лицевая хирургия)",Ультразвуковая диагностика сосудов,36,2900,09.08.2022,https://clck.ru/sZdtd
"Ультразвуковая диагностика
(Онкология, Акушерство и гинекология)",Ультразвуковая диагностика,144,9800,,https://clck.ru/hcR65
Управление и экономика фармации,Инновационный менеджмент в здравоохранении,36,5900,,https://clck.ru/hcR7G
"Управление и экономика фармации
(Управление сестринской деятельностью)",Методы управления средним медперсоналом,36,5900,,https://clck.ru/hcR7W
Управление сестринской деятельностью,Медикаментозная и немедикаментозная терапия урологических заболеваний,36,5900,05.05.2022,https://clck.ru/hcR7p
Управление сестринской деятельностью,Управление сестринской деятельностью,36,2900,10.06.2022,https://clck.ru/qjx9k
Управление сестринской деятельностью,Управление сестринской деятельностью: актуальные вопросы и инновационные решения,74,6400,10.06.2022,https://clck.ru/qjnrr
Управление сестринской деятельностью,Управление сестринской деятельностью,288,19600,10.06.2022,https://clck.ru/qjuP3
Управление сестринской деятельностью,Управление сестринской деятельностью,144,9800,15.06.2022,https://clck.ru/rGAD2
Урология,Урология: актуальные вопросы и инновационные решения,74,6400,05.05.2022,https://clck.ru/hcR8F
Урология,Урология,144,9800,05.05.2022,https://clck.ru/hcR8W
Урология,Урология,36,2900,12.05.2022,https://clck.ru/hcR86
Урология,Урология,288,19600,,https://clck.ru/hcR8h
Урология,Линименты. Общая характеристика. Общие правила приготовления.,36,5900,,https://clck.ru/hcR97
Фармацевтическая технология,"Фармацевтические препараты, содержащие радиоактивные изотопы",36,11900,,https://clck.ru/hcR9P
Фармацевтическая химия и фармакогнозия,Фармацевтическая химия и фармакогнозия,36,5900,,https://clck.ru/hcR9e
Фармацевтическая химия и фармакогнозия,Клиническая фармакология лекарственных средств,36,5900,,https://clck.ru/hcR9v
Фармация,Экспертиза лекарственных средств,36,5900,,https://clck.ru/hcRAx
Фармация,Физиотерапия и курортное лечение больных,36,5900,,https://clck.ru/hcRBG
"Фармация
(Фармацевтическая технология)",Управление качеством лекарственных средств,36,5900,,https://clck.ru/hcRAP
Физиотерапия,Физиотерапия,288,19600,24.07.2022,https://clck.ru/sPZ74
Физиотерапия,Лечебное применение постоянного импульсного электрического тока,36,5900,,https://clck.ru/hcRBS
Физиотерапия,Инфракрасное облучение как метод физиотерапевтического лечения,36,5900,,https://clck.ru/hcRBo
Физиотерапия,Магнитотерапия как метод физиотерапевтического лечения,36,5900,,https://clck.ru/hcREY
Физиотерапия,Назначение и применение современных методов физиотерапии,36,5900,,https://clck.ru/hcREx
Физиотерапия,Озокеритотерапия как метод физиотерапевтического лечения,36,5900,,https://clck.ru/hcRF6
Физиотерапия,Организация работы физиотерапевтического отделения в соответствии с современными требованиями,36,5900,,https://clck.ru/hcRFJ
Физиотерапия,Парафинотерапия как метод физиотерапевтического лечения,36,5900,,https://clck.ru/hcRFV
Физиотерапия,Ультрафонофорез как метод физиотерапевтического лечения,36,5900,,https://clck.ru/hcRFi
Физиотерапия,Фармакотерапия лекарственных препаратов при проведении физиотерапевтических процедур,36,5900,,https://clck.ru/hcRFt
Физиотерапия,Современные методы физиотерапии,36,2900,,https://clck.ru/hcRG8
Физиотерапия,Физиотерапия,144,9800,,https://clck.ru/hcRGW
Физиотерапия,Физиотерапия,74,6400,,https://clck.ru/hcRGm
Физиотерапия,Актуальные заболевания плевры,36,5900,,https://clck.ru/hcRH8
Физическая и реабилитационная медицина,Физическая и реабилитационная медицина,74,6400,07.06.2022,https://clck.ru/hcRJs
Физическая и реабилитационная медицина,Физическая и реабилитационная медицина,288,19600,22.07.2022,https://clck.ru/sMGVs
Физическая и реабилитационная медицина,Особенности реабилитации после перенесенной коронавирусной инфекции COVID-19,36,5900,,https://clck.ru/hcRK7
"Физическая и реабилитационная медицина
(Авиационная и космическая медицина, Акушерство и гинекология, Аллергология и иммунология, Анестезиология-реаниматология, Бактериология, Вирусология, Водолазная медицина, Гастроэнтерология, Гематология, Генетика, Гериатрия, Гигиена детей и подростков, Гигиена питания, Гигиена труда, Гигиеническое воспитание, Дезинфектология, Дерматовенерология, Детская кардиология, Детская онкология, Детская онкология-гематология, Детская урология-андрология, Детская хирургия, Детская эндокринология, Диетология, Инфекционные болезни, Кардиология, Клиническая лабораторная диагностика, Клиническая фармакология, Колопроктология, Коммунальная гигиена, Косметология, Лабораторная генетика, Лечебная физкультура и спортивная медицина, Лечебное дело, Мануальная терапия, Медико-профилактическое дело, Медико-социальная экспертиза, Медицинская биофизика, Медицинская биохимия, Медицинская кибернетика, Медицинская микробиология, Неврология, Нейрохирургия, Неонатология, Нефрология, Общая врачебная практика (семейная медицина), Общая гигиена, Онкология, Организация здравоохранения и общественное здоровье, Ортодонтия, Остеопатия, Оториноларингология, Офтальмология, Паразитология, Патологическая анатомия, Педиатрия, Педиатрия (после специалитета), Пластическая хирургия, Профпатология, Психиатрия, Психиатрия-наркология, Психотерапия, Пульмонология, Радиационная гигиена, Радиология, Радиотерапия, Ревматология, Рентгенология, Рентгенэндоваскулярные диагностика и лечение, Рефлексотерапия, Санитарно-гигиенические лабораторные исследования, Сексология, Сердечно-сосудистая хирургия, Сестринское дело, Скорая медицинская помощь, Социальная гигиена и организация госсанэпидслужбы, Стоматология детская, Стоматология общей практики, Стоматология общей практики (после специалитета), Стоматология ортопедическая, Стоматология терапевтическая, Стоматология хирургическая, Судебно-медицинская экспертиза, Судебно-психиатрическая экспертиза, Сурдология-оториноларингология, Терапия, Токсикология, Торакальная хирургия, Травматология и ортопедия, Трансфузиология, Ультразвуковая диагностика, Управление и экономика фармации, Управление сестринской деятельностью, Урология, Фармацевтическая технология, Фармацевтическая химия и фармакогнозия, Фармация, Физиотерапия, Фтизиатрия, Функциональная диагностика, Хирургия, Челюстно-лицевая хирургия, Эндокринология, Эндоскопия, Эпидемиология)",Профилактика туберкулеза,152,5900,,https://clck.ru/hcRKF
"Физическая и реабилитационная медицина
(Неонатология, Педиатрия, Педиатрия (после специалитета))",Физическая и реабилитационная медицина,144,9800,17.042022,https://clck.ru/hcRJh
"Физическая и реабилитационная медицина
(Педиатрия, Неонатология)","Абилитация и реабилитация новорожденных детей, рождённых в том числе с экстремально низкой массой тела",36,2900,,https://clck.ru/hcRJW
Фтизиатрия,Актуальные вопросы медицинской реабилитации в детском возрасте,36,2900,18.04.2022,https://clck.ru/hcRJG
Фтизиатрия,Фтизиатрия,74,6400,,https://clck.ru/hcRHU
Фтизиатрия,Фтизиатрия,144,9800,,https://clck.ru/hcRHm
Фтизиатрия,Электроэнцефалография,36,5000,,https://clck.ru/hcRKQ
"Фтизиатрия
(Общая врачебная практика (семейная медицина); Пульмонология; Терапия)",Фтизиатрия,288,19600,18.06.2022,https://clck.ru/rbQCD
Функциональная диагностика,Функциональная диагностика,144,9800,13.04.2022,https://clck.ru/hcRKu
Функциональная диагностика,Функциональная диагностика,288,19600,16.07.2022,https://clck.ru/sKoQf
Функциональная диагностика,Функциональная диагностика: актуальные вопросы и инновационные решения,74,6400,,https://clck.ru/hcRL7
Функциональная диагностика,Функциональная диагностика: актуальные проблемы и инновационные решения,152,9800,,https://clck.ru/hcRLP
"Функциональная диагностика
(Акушерство и гинекология; Детская кардиология; Кардиология; Неврология; Общая врачебная практика (семейная медицина); Онкология; Педиатрия; Педиатрия (после специалитета); Терапия)",Хирургия: актуальные проблемы и инновационные решения,36,2900,,https://clck.ru/hcRLm
"Функциональная диагностика
(Лечебное дело; Медицинская биофизика; Медицинская кибернетика; Педиатрия; Педиатрия (после специалитета))",Функциональная диагностика,152,9800,13.04.2022,https://clck.ru/hcRKZ
Хирургия,Хирургия,288,19600,18.07.2022,https://clck.ru/sKorr
Хирургия,Хирургия,144,9800,,https://clck.ru/hcRMG
Хирургия,Хирургия,74,6400,,https://clck.ru/hcRMg
Хирургия,Основы восстановительной хирургии челюстно-лицевой области,36,5900,,https://clck.ru/hcRN7
"Хирургия
(Общая врачебная практика (семейная медицина); Детская хирургия; Терапия)",Хирургия сочетанных осложнений хронического панкреатита,36,5900,,https://clck.ru/hcRM7
Челюстно-лицевая хирургия,Врожденные пороки и аномалии развития лица и челюстей,36,5900,,https://clck.ru/hcRNM
Челюстно-лицевая хирургия,Предраки челюстно-лицевой области,36,5900,,https://clck.ru/hcRNe
"Челюстно-лицевая хирургия
(Онкология; Стоматология хирургическая)",Экстренные состояния в эндокринологии,36,2900,23.11.2020,https://clck.ru/hcRPB
Эндокринология,Актуальные проблемы эндокринологии в сложных эндокринологических условиях,36,5900,11.06.2020,https://clck.ru/hcRPo
Эндокринология,Эндокринология: актуальные вопросы и инновационные решения,74,6400,14.07.2022,https://clck.ru/sJFFm
Эндокринология,Эндокринология,36,2900,15.08.2022,https://clck.ru/sqhoN
Эндокринология,Эндокринология,144,9800,28.06.2022,https://clck.ru/rf325
Эндокринология,Эндокринология,288,19600,28.06.2022,https://clck.ru/rf2xe
"Эндокринология
(Детская эндокринология; Неврология; Общая врачебная практика (семейная медицина); Педиатрия; Педиатрия (после специалитета); Терапия; Хирургия)",Воспалительные заболевания толстой кишки,36,5900,11.06.2020,https://clck.ru/hcRQP
Эндоскопия,Эндоскопия,74,6400,15.02.2022,https://clck.ru/hcRRx
Эндоскопия,Эпидемиология бактериальных инфекций,36,2300,15.02.2022,https://clck.ru/hcRSJ
Эндоскопия,Эндоскопия,288,19600,17.06.2022,https://clck.ru/rbPKq
"Эндоскопия
(Колопроктология; Общая врачебная практика (семейная медицина); Терапия; Функциональная диагностика)",Актуальные вопросы эндоскопии,36,2900,15.02.2022,https://clck.ru/hcRQm
"Эндоскопия
(Колопроктология; Общая врачебная практика (семейная медицина); Терапия; Функциональная диагностика)",Эндоскопия,144,9800,15.02.2022,https://clck.ru/hcRRB
Эпидемиология,Инфекционная безопасность и профилактика ИСМП,36,5900,05.04.2022,https://clck.ru/hcRSV
Эпидемиология,Эпидемиология: актуальные проблемы и инновационные решения,74,6400,05.04.2022,https://clck.ru/hcRSi
Эпидемиология,Инфекционная безопасность и профилактика ИСМП,74,6400,05.04.2022,https://clck.ru/hcRT2
Эпидемиология,Инфекционная безопасность и профилактика ИСМП,144,9800,05.04.2022,https://clck.ru/hcRTG
Эпидемиология,Эпидемиология,144,9800,15.02.2022,https://clck.ru/hcRTs
Эпидемиология,Инфекционная безопасность. Профилактика ИСМП,36,2900,19.06.2022,https://clck.ru/rbQxc
Эпидемиология,Эпидемиология,288,19600,20.07.2022,https://clck.ru/sMCKd
"Эпидемиология
(Авиационная и космическая медицина, Акушерство и гинекология, Аллергология и иммунология, Анестезиология-реаниматология, Бактериология, Вирусология, Водолазная медицина, Гастроэнтерология, Гематология, Генетика, Гериатрия, Гигиена детей и подростков, Гигиена питания, Гигиена труда, Гигиеническое воспитание, Дезинфектология, Дерматовенерология, Детская кардиология, Детская онкология, Детская онкология-гематология, Детская урология-андрология, Детская хирургия, Детская эндокринология, Диетология, Инфекционные болезни, Кардиология, Клиническая лабораторная диагностика, Клиническая фармакология, Колопроктология, Коммунальная гигиена, Косметология, Лабораторная генетика, Лечебная физкультура и спортивная медицина, Лечебное дело, Мануальная терапия, Медико-профилактическое дело, Медико-социальная экспертиза, Медицинская биофизика, Медицинская биохимия, Медицинская кибернетика, Медицинская микробиология, Неврология, Нейрохирургия, Неонатология, Нефрология, Общая врачебная практика (семейная медицина), Общая гигиена, Онкология, Организация здравоохранения и общественное здоровье, Ортодонтия, Остеопатия, Оториноларингология, Офтальмология, Паразитология, Патологическая анатомия, Педиатрия, Педиатрия (после специалитета), Пластическая хирургия, Профпатология, Психиатрия, Психиатрия наркология, Психотерапия, Пульмонология, Радиационная гигиена, Радиология, Радиотерапия, Ревматология, Рентгенология, Рентгенэндоваскулярные диагностика и лечение, Рефлексотерапия, Санитарно-гигиенические лабораторные исследования, Сексология, Сердечно-сосудистая хирургия, Сестринское дело, Скорая медицинская помощь, Социальная гигиена и организация госсанэпидслужбы, Стоматология детская, Стоматология общей практики, Стоматология общей практики (после специалитета), Стоматология ортопедическая, Стоматология терапевтическая, Стоматология хирургическая, Судебно-медицинская экспертиза, Судебно-психиатрическая экспертиза, Сурдология-оториноларингология, Терапия, Токсикология, Торакальная хирургия, Травматология и ортопедия, Трансфузиология, Ультразвуковая диагностика, Управление и экономика фармации, Управление сестринской деятельностью, Урология, Фармацевтическая технология, Фармацевтическая химия и фармакогнозия, Фармация, Физиотерапия, Фтизиатрия, Функциональная диагностика, Хирургия, Челюстно-лицевая хирургия, Эндокринология, Эндоскопия, Эпидемиология)","Профилактика, диагностика и лечение новой коронавирусной инфекции (COVID-19)",36,1900,21.05.2020,https://clck.ru/hcRVV
"Эпидемиология
(Бактериология; Вирусология; Гигиена детей и подростков; гигиена питания; Гигиена труда, Дезинфектология; Инфекционные болезни; Коммунальная гигиена; Общая врачебная практика (семейная медицина); Общая гигиена; Сестринское дело (ВО); Социальная гигиена и организация госсанэпидслужбы; Терапия)","Профилактика, диагностика и лечение новой коронавирусной инфекции (COVID-19)",36,1900,21.05.2020,https://inlnk.ru/ZZRE6R
